,Neighbourhood,African Restaurant,Argentinian Restaurant,Art Gallery,Art Museum,Arts & Crafts Store,Asian Restaurant,Athletics & Sports,Bagel Shop,Bakery,Bar,Beer Bar,Beer Store,Bistro,Boat or Ferry,Bookstore,Brasserie,Brazilian Restaurant,Breakfast Spot,Bridge,Bubble Tea Shop,Burger Joint,Burgundian Restaurant,Café,Cajun / Creole Restaurant,Camera Store,Canal Lock,Candy Store,Cheese Shop,Chocolate Shop,Clothing Store,Cocktail Bar,Coffee Shop,Cosmetics Shop,Creperie,Cultural Center,Dance Studio,Deli / Bodega,Department Store,Dessert Shop,Diner,Egyptian Restaurant,Falafel Restaurant,Food & Drink Shop,French Restaurant,Furniture / Home Store,Garden,Gastropub,Gay Bar,Gourmet Shop,Government Building,Gym,Gym / Fitness Center,Harbor / Marina,Health Food Store,Historic Site,Hostel,Hot Dog Joint,Hotel,Ice Cream Shop,Israeli Restaurant,Italian Restaurant,Japanese Restaurant,Jewish Restaurant,Juice Bar,Kids Store,Korean Restaurant,Library,Lingerie Store,Lounge,Lyonese Bouchon,Market,Memorial Site,Men's Store,Metro Station,Miscellaneous Shop,Moroccan Restaurant,Museum,Music Venue,Opera House,Optical Shop,Organic Grocery,Park,Pastry Shop,Pedestrian Plaza,Pizza Place,Plaza,Portuguese Restaurant,Provençal Restaurant,Pub,Record Shop,Restaurant,Salon / Barbershop,Scandinavian Restaurant,Seafood Restaurant,Shoe Store,Southwestern French Restaurant,Spa,Sporting Goods Shop,Steakhouse,Supermarket,Sushi Restaurant,Szechuan Restaurant,Tapas Restaurant,Tea Room,Thai Restaurant,Trail,Vegetarian / Vegan Restaurant,Waterfront,Wine Bar,Wine Shop,Zoo Exhibit
0,Acqua di Parma,0.01,0.0,0.03,0.03,0.0,0.01,0.0,0.0,0.04,0.02,0.01,0.01,0.02,0.0,0.01,0.0,0.0,0.0,0.0,0.0,0.01,0.0,0.01,0.0,0.0,0.0,0.0,0.01,0.01,0.04,0.01,0.04,0.02,0.01,0.01,0.0,0.01,0.0,0.0,0.01,0.0,0.02,0.0,0.1,0.0,0.02,0.02,0.0,0.01,0.0,0.0,0.0,0.0,0.01,0.02,0.0,0.0,0.06,0.01,0.01,0.03,0.02,0.0,0.0,0.0,0.01,0.01,0.0,0.0,0.0,0.0,0.0,0.01,0.0,0.0,0.0,0.0,0.0,0.0,0.0,0.0,0.01,0.02,0.01,0.03,0.03,0.0,0.01,0.0,0.0,0.02,0.0,0.01,0.01,0.01,0.0,0.0,0.01,0.0,0.0,0.01,0.0,0.03,0.04,0.01,0.0,0.0,0.0,0.0,0.0,0.0
1,Amorino,0.01,0.0,0.03,0.02,0.0,0.01,0.0,0.0,0.04,0.02,0.01,0.01,0.01,0.0,0.02,0.0,0.01,0.0,0.0,0.0,0.01,0.0,0.01,0.0,0.0,0.0,0.0,0.01,0.01,0.04,0.01,0.04,0.01,0.0,0.01,0.0,0.01,0.0,0.0,0.01,0.0,0.02,0.0,0.12,0.0,0.02,0.02,0.0,0.0,0.0,0.0,0.0,0.0,0.01,0.02,0.0,0.0,0.06,0.01,0.01,0.03,0.02,0.0,0.0,0.0,0.01,0.01,0.0,0.0,0.0,0.0,0.0,0.01,0.0,0.0,0.0,0.0,0.0,0.0,0.0,0.0,0.01,0.02,0.01,0.02,0.03,0.0,0.01,0.0,0.0,0.02,0.0,0.01,0.02,0.01,0.0,0.0,0.01,0.0,0.0,0.01,0.0,0.03,0.04,0.01,0.0,0.0,0.0,0.01,0.0,0.0
2,Au Bouquet Saint Paul,0.0,0.0,0.03,0.01,0.0,0.01,0.0,0.0,0.04,0.02,0.0,0.01,0.01,0.0,0.01,0.0,0.01,0.0,0.0,0.0,0.01,0.01,0.0,0.0,0.0,0.0,0.0,0.01,0.01,0.03,0.02,0.03,0.01,0.01,0.01,0.0,0.01,0.0,0.0,0.01,0.0,0.02,0.0,0.17,0.0,0.03,0.02,0.0,0.0,0.01,0.01,0.0,0.0,0.0,0.02,0.0,0.0,0.05,0.01,0.01,0.03,0.0,0.0,0.0,0.0,0.0,0.0,0.0,0.0,0.0,0.0,0.0,0.01,0.0,0.0,0.0,0.01,0.0,0.0,0.0,0.0,0.0,0.02,0.01,0.01,0.03,0.0,0.01,0.01,0.0,0.01,0.0,0.02,0.02,0.0,0.0,0.0,0.01,0.0,0.01,0.01,0.0,0.03,0.03,0.02,0.0,0.01,0.0,0.02,0.0,0.0
3,Au Petit Thai,0.01,0.0,0.03,0.01,0.0,0.01,0.0,0.0,0.03,0.02,0.0,0.0,0.01,0.0,0.02,0.0,0.0,0.0,0.0,0.0,0.01,0.01,0.01,0.0,0.0,0.0,0.0,0.01,0.0,0.04,0.02,0.04,0.0,0.02,0.02,0.0,0.01,0.0,0.01,0.01,0.0,0.02,0.0,0.12,0.0,0.03,0.02,0.0,0.01,0.0,0.0,0.0,0.0,0.0,0.01,0.0,0.0,0.04,0.03,0.01,0.03,0.0,0.02,0.0,0.01,0.0,0.0,0.0,0.0,0.0,0.0,0.01,0.01,0.0,0.0,0.0,0.0,0.0,0.0,0.0,0.0,0.0,0.04,0.01,0.01,0.03,0.01,0.0,0.01,0.0,0.01,0.0,0.02,0.02,0.0,0.0,0.0,0.01,0.0,0.0,0.01,0.0,0.03,0.03,0.02,0.0,0.0,0.0,0.02,0.0,0.0
4,Ban Sabai,0.0,0.0,0.02,0.0,0.0,0.01,0.0,0.01,0.03,0.03,0.0,0.01,0.02,0.0,0.01,0.0,0.0,0.0,0.0,0.0,0.01,0.0,0.02,0.0,0.0,0.0,0.0,0.01,0.02,0.01,0.03,0.02,0.0,0.0,0.0,0.0,0.0,0.0,0.0,0.0,0.0,0.01,0.0,0.15,0.0,0.01,0.02,0.0,0.01,0.01,0.01,0.01,0.0,0.0,0.02,0.0,0.0,0.07,0.02,0.0,0.03,0.01,0.0,0.0,0.0,0.0,0.0,0.0,0.0,0.0,0.01,0.0,0.0,0.0,0.01,0.0,0.01,0.02,0.01,0.0,0.0,0.01,0.01,0.01,0.04,0.03,0.0,0.01,0.01,0.0,0.0,0.0,0.0,0.03,0.0,0.01,0.0,0.0,0.0,0.01,0.01,0.01,0.03,0.02,0.02,0.0,0.02,0.0,0.01,0.01,0.0
5,Bistrot de l'Oulette,0.0,0.0,0.03,0.0,0.0,0.0,0.0,0.01,0.04,0.02,0.0,0.01,0.01,0.0,0.01,0.0,0.01,0.0,0.0,0.01,0.0,0.0,0.02,0.01,0.0,0.0,0.0,0.0,0.01,0.01,0.04,0.05,0.01,0.0,0.0,0.0,0.0,0.0,0.0,0.0,0.0,0.01,0.0,0.15,0.0,0.01,0.02,0.0,0.01,0.0,0.0,0.01,0.0,0.0,0.02,0.0,0.0,0.05,0.01,0.0,0.03,0.03,0.0,0.0,0.0,0.01,0.0,0.0,0.01,0.0,0.01,0.0,0.0,0.0,0.01,0.0,0.0,0.01,0.01,0.0,0.01,0.0,0.01,0.0,0.05,0.03,0.0,0.01,0.01,0.0,0.02,0.0,0.01,0.03,0.0,0.0,0.0,0.0,0.0,0.0,0.01,0.0,0.03,0.03,0.01,0.0,0.01,0.0,0.01,0.01,0.0
6,Bistrot des Vosges,0.0,0.0,0.03,0.0,0.0,0.0,0.0,0.01,0.03,0.02,0.0,0.01,0.02,0.0,0.02,0.0,0.01,0.01,0.0,0.01,0.0,0.0,0.01,0.01,0.0,0.0,0.0,0.0,0.01,0.01,0.04,0.05,0.0,0.0,0.0,0.0,0.01,0.0,0.0,0.0,0.0,0.01,0.0,0.17,0.0,0.01,0.0,0.0,0.01,0.0,0.0,0.01,0.0,0.0,0.02,0.0,0.0,0.06,0.01,0.0,0.03,0.02,0.0,0.0,0.0,0.01,0.0,0.0,0.01,0.0,0.01,0.0,0.0,0.0,0.01,0.0,0.0,0.01,0.01,0.0,0.01,0.0,0.01,0.0,0.04,0.03,0.0,0.01,0.01,0.0,0.02,0.0,0.0,0.02,0.0,0.0,0.0,0.0,0.0,0.0,0.02,0.0,0.03,0.03,0.01,0.0,0.01,0.0,0.02,0.01,0.0
7,Boulangerie Saint-Antoine,0.0,0.0,0.03,0.01,0.0,0.01,0.0,0.0,0.03,0.03,0.0,0.01,0.01,0.0,0.01,0.0,0.01,0.0,0.0,0.01,0.0,0.0,0.01,0.0,0.0,0.0,0.0,0.01,0.01,0.02,0.03,0.02,0.01,0.0,0.0,0.0,0.0,0.0,0.0,0.01,0.0,0.02,0.0,0.14,0.0,0.02,0.02,0.0,0.01,0.01,0.01,0.0,0.0,0.0,0.02,0.0,0.0,0.06,0.01,0.0,0.04,0.01,0.0,0.0,0.0,0.0,0.0,0.0,0.0,0.0,0.01,0.0,0.0,0.0,0.0,0.0,0.01,0.0,0.01,0.0,0.0,0.01,0.02,0.01,0.03,0.04,0.0,0.01,0.01,0.0,0.01,0.0,0.0,0.03,0.0,0.0,0.01,0.0,0.0,0.01,0.01,0.0,0.03,0.03,0.03,0.0,0.01,0.0,0.01,0.01,0.0
8,Brasserie Bofinger,0.0,0.0,0.03,0.0,0.0,0.0,0.0,0.01,0.03,0.03,0.0,0.01,0.01,0.0,0.02,0.0,0.0,0.0,0.0,0.0,0.01,0.0,0.02,0.0,0.0,0.0,0.0,0.0,0.02,0.0,0.03,0.04,0.0,0.0,0.0,0.01,0.0,0.0,0.0,0.0,0.0,0.01,0.0,0.16,0.0,0.01,0.02,0.0,0.01,0.01,0.01,0.01,0.0,0.0,0.02,0.0,0.0,0.06,0.02,0.0,0.03,0.01,0.0,0.0,0.0,0.01,0.0,0.0,0.0,0.0,0.01,0.0,0.0,0.0,0.01,0.0,0.0,0.02,0.01,0.0,0.01,0.01,0.01,0.01,0.05,0.03,0.0,0.01,0.01,0.0,0.0,0.0,0.0,0.03,0.0,0.01,0.0,0.0,0.0,0.0,0.01,0.01,0.02,0.02,0.01,0.0,0.01,0.0,0.02,0.01,0.0
9,Breakfast in America,0.01,0.0,0.02,0.01,0.0,0.01,0.0,0.0,0.02,0.02,0.0,0.0,0.02,0.0,0.02,0.0,0.0,0.0,0.0,0.0,0.01,0.01,0.01,0.0,0.0,0.0,0.0,0.01,0.0,0.05,0.01,0.03,0.01,0.02,0.01,0.0,0.01,0.0,0.01,0.01,0.0,0.02,0.0,0.14,0.0,0.03,0.02,0.0,0.01,0.0,0.0,0.0,0.0,0.0,0.01,0.0,0.0,0.05,0.03,0.01,0.04,0.0,0.02,0.0,0.01,0.0,0.0,0.0,0.0,0.0,0.0,0.01,0.01,0.0,0.0,0.0,0.0,0.0,0.0,0.0,0.0,0.0,0.03,0.01,0.01,0.03,0.0,0.0,0.01,0.0,0.01,0.0,0.02,0.01,0.0,0.0,0.0,0.01,0.0,0.0,0.01,0.0,0.03,0.03,0.03,0.0,0.0,0.0,0.02,0.0,0.0
10,Bubar,0.0,0.0,0.03,0.0,0.0,0.0,0.0,0.01,0.03,0.02,0.0,0.01,0.01,0.0,0.0,0.0,0.01,0.0,0.0,0.01,0.01,0.0,0.02,0.0,0.0,0.0,0.0,0.0,0.01,0.01,0.04,0.04,0.0,0.0,0.0,0.0,0.0,0.0,0.0,0.0,0.0,0.01,0.0,0.15,0.0,0.01,0.02,0.0,0.01,0.01,0.01,0.01,0.0,0.0,0.02,0.0,0.0,0.06,0.02,0.0,0.03,0.01,0.0,0.0,0.0,0.01,0.0,0.0,0.01,0.0,0.01,0.0,0.0,0.0,0.01,0.0,0.0,0.01,0.01,0.0,0.01,0.01,0.01,0.02,0.04,0.03,0.0,0.01,0.02,0.0,0.01,0.0,0.0,0.03,0.0,0.01,0.01,0.0,0.0,0.0,0.01,0.0,0.03,0.02,0.01,0.0,0.01,0.0,0.01,0.01,0.0
11,COS,0.0,0.0,0.03,0.02,0.0,0.01,0.0,0.0,0.02,0.02,0.01,0.0,0.01,0.0,0.02,0.0,0.0,0.0,0.0,0.0,0.01,0.01,0.01,0.0,0.0,0.0,0.0,0.01,0.0,0.04,0.01,0.03,0.01,0.02,0.02,0.0,0.01,0.0,0.01,0.01,0.0,0.02,0.0,0.14,0.0,0.03,0.02,0.0,0.01,0.0,0.0,0.0,0.0,0.0,0.01,0.0,0.0,0.03,0.04,0.01,0.02,0.0,0.02,0.0,0.01,0.0,0.0,0.0,0.0,0.0,0.0,0.0,0.01,0.0,0.0,0.0,0.0,0.0,0.0,0.01,0.0,0.01,0.04,0.01,0.01,0.03,0.0,0.0,0.01,0.0,0.01,0.0,0.02,0.02,0.0,0.0,0.0,0.01,0.01,0.0,0.0,0.0,0.02,0.04,0.02,0.0,0.0,0.0,0.02,0.0,0.0
12,Café Ginger,0.0,0.0,0.01,0.0,0.0,0.01,0.0,0.01,0.03,0.03,0.0,0.01,0.02,0.0,0.01,0.0,0.0,0.0,0.0,0.0,0.01,0.0,0.02,0.0,0.01,0.0,0.0,0.01,0.02,0.01,0.03,0.02,0.0,0.0,0.0,0.0,0.0,0.0,0.0,0.0,0.0,0.01,0.0,0.15,0.0,0.01,0.02,0.0,0.01,0.01,0.01,0.01,0.0,0.0,0.02,0.0,0.0,0.08,0.02,0.0,0.03,0.01,0.0,0.0,0.0,0.0,0.0,0.0,0.0,0.0,0.01,0.0,0.0,0.0,0.01,0.0,0.01,0.02,0.01,0.0,0.0,0.01,0.01,0.01,0.04,0.03,0.0,0.01,0.01,0.0,0.0,0.0,0.0,0.03,0.0,0.01,0.0,0.0,0.0,0.01,0.01,0.01,0.03,0.02,0.01,0.0,0.02,0.0,0.01,0.01,0.0
13,Café Hugo,0.0,0.0,0.03,0.0,0.0,0.01,0.0,0.0,0.04,0.02,0.0,0.01,0.01,0.0,0.02,0.0,0.01,0.0,0.0,0.01,0.0,0.0,0.01,0.01,0.0,0.0,0.0,0.0,0.01,0.02,0.03,0.05,0.01,0.0,0.01,0.0,0.01,0.0,0.0,0.0,0.0,0.01,0.0,0.14,0.0,0.01,0.02,0.0,0.01,0.0,0.0,0.01,0.0,0.01,0.02,0.0,0.0,0.06,0.01,0.0,0.03,0.03,0.0,0.0,0.0,0.01,0.0,0.0,0.0,0.0,0.01,0.0,0.0,0.0,0.01,0.0,0.0,0.0,0.0,0.0,0.01,0.0,0.01,0.0,0.05,0.03,0.0,0.01,0.01,0.0,0.01,0.0,0.01,0.02,0.01,0.0,0.0,0.0,0.0,0.0,0.01,0.0,0.03,0.04,0.01,0.0,0.01,0.0,0.01,0.01,0.0
14,Café de la Presse,0.0,0.0,0.0,0.014492753623188406,0.0,0.014492753623188406,0.014492753623188406,0.014492753623188406,0.028985507246376812,0.043478260869565216,0.0,0.014492753623188406,0.0,0.014492753623188406,0.014492753623188406,0.0,0.0,0.0,0.014492753623188406,0.0,0.014492753623188406,0.0,0.014492753623188406,0.0,0.014492753623188406,0.014492753623188406,0.0,0.0,0.0,0.014492753623188406,0.057971014492753624,0.014492753623188406,0.0,0.014492753623188406,0.0,0.0,0.0,0.0,0.0,0.0,0.014492753623188406,0.0,0.0,0.11594202898550725,0.014492753623188406,0.0,0.0,0.0,0.014492753623188406,0.014492753623188406,0.014492753623188406,0.0,0.0,0.0,0.0,0.0,0.0,0.07246376811594203,0.014492753623188406,0.0,0.043478260869565216,0.014492753623188406,0.0,0.0,0.0,0.0,0.014492753623188406,0.0,0.0,0.0,0.0,0.0,0.0,0.014492753623188406,0.0,0.0,0.014492753623188406,0.014492753623188406,0.014492753623188406,0.0,0.0,0.014492753623188406,0.0,0.014492753623188406,0.014492753623188406,0.014492753623188406,0.0,0.0,0.014492753623188406,0.0,0.014492753623188406,0.0,0.0,0.028985507246376812,0.0,0.014492753623188406,0.0,0.0,0.0,0.0,0.014492753623188406,0.014492753623188406,0.014492753623188406,0.0,0.014492753623188406,0.0,0.028985507246376812,0.0,0.028985507246376812,0.0,0.0
15,Carette,0.0,0.0,0.04,0.0,0.0,0.01,0.0,0.0,0.04,0.01,0.01,0.01,0.0,0.0,0.02,0.0,0.01,0.0,0.0,0.0,0.0,0.0,0.01,0.0,0.0,0.0,0.0,0.01,0.01,0.02,0.02,0.05,0.01,0.0,0.01,0.0,0.01,0.0,0.0,0.0,0.0,0.01,0.0,0.16,0.0,0.02,0.02,0.0,0.0,0.0,0.0,0.0,0.0,0.01,0.02,0.0,0.0,0.07,0.01,0.0,0.04,0.02,0.0,0.0,0.0,0.01,0.0,0.0,0.0,0.0,0.01,0.0,0.0,0.0,0.01,0.0,0.0,0.0,0.0,0.0,0.0,0.01,0.02,0.0,0.05,0.02,0.0,0.01,0.01,0.0,0.01,0.0,0.01,0.02,0.01,0.0,0.0,0.0,0.0,0.0,0.01,0.0,0.03,0.04,0.01,0.0,0.01,0.0,0.01,0.01,0.0
16,Casa San Pablo,0.01,0.0,0.02,0.01,0.0,0.02,0.0,0.0,0.04,0.02,0.0,0.01,0.02,0.0,0.02,0.0,0.0,0.0,0.0,0.0,0.01,0.01,0.0,0.0,0.0,0.0,0.0,0.01,0.0,0.04,0.01,0.03,0.01,0.01,0.01,0.0,0.01,0.0,0.01,0.01,0.0,0.02,0.0,0.14,0.0,0.03,0.03,0.0,0.0,0.0,0.01,0.0,0.0,0.0,0.02,0.0,0.0,0.05,0.01,0.01,0.04,0.0,0.02,0.0,0.01,0.0,0.01,0.0,0.0,0.0,0.0,0.0,0.01,0.0,0.0,0.0,0.0,0.0,0.0,0.0,0.0,0.0,0.02,0.01,0.01,0.03,0.0,0.01,0.0,0.0,0.01,0.0,0.02,0.01,0.01,0.0,0.0,0.01,0.0,0.0,0.01,0.0,0.03,0.03,0.03,0.0,0.0,0.0,0.01,0.0,0.0
17,Chez Janou,0.0,0.0,0.04,0.0,0.0,0.0,0.0,0.0,0.03,0.02,0.0,0.01,0.01,0.0,0.02,0.0,0.01,0.0,0.0,0.01,0.0,0.0,0.02,0.01,0.0,0.0,0.0,0.0,0.01,0.01,0.03,0.05,0.01,0.0,0.01,0.0,0.01,0.01,0.0,0.0,0.0,0.01,0.0,0.13,0.0,0.01,0.01,0.0,0.0,0.0,0.0,0.01,0.0,0.01,0.02,0.0,0.0,0.08,0.01,0.0,0.03,0.03,0.0,0.0,0.0,0.01,0.0,0.0,0.0,0.0,0.01,0.0,0.01,0.0,0.01,0.0,0.0,0.0,0.0,0.0,0.01,0.01,0.01,0.0,0.04,0.03,0.0,0.01,0.01,0.0,0.02,0.0,0.01,0.01,0.01,0.0,0.0,0.0,0.0,0.0,0.01,0.0,0.02,0.04,0.02,0.0,0.01,0.0,0.01,0.01,0.0
18,Chez Mademoiselle,0.0,0.0,0.02,0.01,0.01,0.01,0.0,0.0,0.03,0.02,0.0,0.0,0.01,0.0,0.02,0.0,0.0,0.0,0.0,0.0,0.01,0.01,0.01,0.0,0.0,0.0,0.01,0.02,0.0,0.03,0.01,0.03,0.0,0.01,0.01,0.0,0.01,0.0,0.01,0.01,0.0,0.02,0.0,0.15,0.0,0.03,0.02,0.0,0.0,0.0,0.01,0.0,0.0,0.0,0.01,0.0,0.0,0.04,0.06,0.01,0.03,0.0,0.02,0.0,0.01,0.0,0.0,0.0,0.0,0.0,0.0,0.01,0.01,0.0,0.0,0.0,0.0,0.0,0.0,0.0,0.0,0.0,0.01,0.01,0.01,0.03,0.01,0.0,0.01,0.0,0.01,0.0,0.01,0.02,0.0,0.0,0.0,0.01,0.0,0.0,0.01,0.0,0.03,0.03,0.03,0.0,0.0,0.0,0.03,0.0,0.0
19,Chez Margot,0.0,0.0,0.011904761904761904,0.0,0.0,0.011904761904761904,0.0,0.0,0.03571428571428571,0.011904761904761904,0.0,0.011904761904761904,0.011904761904761904,0.011904761904761904,0.011904761904761904,0.0,0.011904761904761904,0.0,0.0,0.0,0.011904761904761904,0.0,0.011904761904761904,0.0,0.011904761904761904,0.0,0.0,0.011904761904761904,0.0,0.0,0.023809523809523808,0.023809523809523808,0.0,0.0,0.0,0.0,0.0,0.0,0.0,0.011904761904761904,0.0,0.0,0.0,0.16666666666666666,0.0,0.011904761904761904,0.03571428571428571,0.0,0.011904761904761904,0.011904761904761904,0.011904761904761904,0.0,0.0,0.0,0.03571428571428571,0.0,0.0,0.07142857142857142,0.011904761904761904,0.0,0.03571428571428571,0.0,0.0,0.0,0.0,0.0,0.0,0.0,0.0,0.0,0.0,0.0,0.0,0.0,0.0,0.0,0.023809523809523808,0.011904761904761904,0.011904761904761904,0.0,0.0,0.023809523809523808,0.0,0.023809523809523808,0.011904761904761904,0.03571428571428571,0.0,0.0,0.011904761904761904,0.0,0.011904761904761904,0.0,0.0,0.03571428571428571,0.0,0.011904761904761904,0.011904761904761904,0.0,0.0,0.011904761904761904,0.011904761904761904,0.011904761904761904,0.03571428571428571,0.011904761904761904,0.011904761904761904,0.0,0.023809523809523808,0.0,0.011904761904761904,0.0,0.0
20,Chez Papa,0.0,0.0,0.0,0.014084507042253521,0.0,0.014084507042253521,0.014084507042253521,0.014084507042253521,0.028169014084507043,0.04225352112676056,0.0,0.014084507042253521,0.0,0.014084507042253521,0.014084507042253521,0.0,0.0,0.0,0.014084507042253521,0.0,0.014084507042253521,0.0,0.014084507042253521,0.0,0.014084507042253521,0.014084507042253521,0.0,0.0,0.0,0.014084507042253521,0.056338028169014086,0.014084507042253521,0.0,0.014084507042253521,0.0,0.0,0.0,0.0,0.0,0.0,0.014084507042253521,0.014084507042253521,0.0,0.11267605633802817,0.014084507042253521,0.0,0.0,0.0,0.014084507042253521,0.014084507042253521,0.014084507042253521,0.0,0.0,0.0,0.0,0.0,0.0,0.07042253521126761,0.014084507042253521,0.0,0.04225352112676056,0.014084507042253521,0.0,0.0,0.0,0.0,0.014084507042253521,0.0,0.0,0.0,0.0,0.0,0.0,0.0,0.0,0.0,0.014084507042253521,0.028169014084507043,0.014084507042253521,0.0,0.0,0.014084507042253521,0.0,0.014084507042253521,0.014084507042253521,0.014084507042253521,0.0,0.0,0.014084507042253521,0.0,0.014084507042253521,0.0,0.0,0.028169014084507043,0.0,0.014084507042253521,0.0,0.0,0.0,0.0,0.028169014084507043,0.014084507042253521,0.014084507042253521,0.0,0.014084507042253521,0.0,0.028169014084507043,0.0,0.028169014084507043,0.0,0.0
21,Chocolaterie Joséphine Vannier,0.0,0.0,0.03,0.0,0.0,0.0,0.0,0.01,0.03,0.02,0.0,0.01,0.01,0.0,0.01,0.0,0.01,0.0,0.0,0.01,0.0,0.0,0.01,0.01,0.0,0.0,0.0,0.0,0.01,0.01,0.04,0.05,0.01,0.0,0.0,0.0,0.01,0.0,0.0,0.0,0.0,0.01,0.0,0.15,0.0,0.01,0.01,0.0,0.01,0.0,0.0,0.01,0.0,0.0,0.02,0.0,0.0,0.06,0.01,0.0,0.03,0.03,0.0,0.0,0.0,0.01,0.0,0.0,0.01,0.0,0.01,0.0,0.0,0.0,0.01,0.0,0.0,0.01,0.01,0.0,0.01,0.0,0.01,0.0,0.05,0.03,0.0,0.01,0.01,0.0,0.03,0.0,0.01,0.02,0.0,0.0,0.0,0.0,0.0,0.0,0.01,0.0,0.02,0.04,0.01,0.0,0.01,0.0,0.02,0.01,0.0
22,Comptoir des Mers,0.0,0.0,0.03,0.01,0.0,0.01,0.0,0.0,0.04,0.02,0.0,0.01,0.01,0.0,0.01,0.0,0.01,0.0,0.0,0.0,0.01,0.01,0.0,0.0,0.0,0.0,0.0,0.01,0.01,0.03,0.02,0.04,0.01,0.01,0.01,0.0,0.01,0.0,0.0,0.01,0.0,0.02,0.0,0.16,0.0,0.03,0.02,0.0,0.0,0.01,0.01,0.0,0.0,0.0,0.02,0.0,0.0,0.05,0.01,0.01,0.03,0.0,0.0,0.0,0.0,0.0,0.0,0.0,0.0,0.0,0.0,0.0,0.01,0.0,0.0,0.0,0.0,0.0,0.0,0.0,0.0,0.0,0.02,0.01,0.01,0.03,0.0,0.01,0.01,0.0,0.01,0.0,0.02,0.02,0.01,0.0,0.0,0.01,0.0,0.01,0.01,0.0,0.03,0.03,0.02,0.0,0.01,0.0,0.02,0.0,0.0
23,Dammann Frères,0.0,0.0,0.03,0.01,0.0,0.01,0.0,0.0,0.04,0.01,0.01,0.01,0.01,0.0,0.02,0.0,0.01,0.0,0.0,0.0,0.0,0.0,0.01,0.0,0.0,0.0,0.0,0.01,0.01,0.03,0.01,0.04,0.01,0.0,0.01,0.0,0.0,0.0,0.0,0.01,0.0,0.01,0.0,0.15,0.0,0.02,0.02,0.0,0.0,0.0,0.01,0.0,0.0,0.0,0.02,0.0,0.0,0.06,0.01,0.01,0.04,0.02,0.0,0.0,0.0,0.01,0.0,0.0,0.0,0.0,0.01,0.0,0.01,0.0,0.01,0.0,0.0,0.0,0.0,0.0,0.0,0.01,0.02,0.01,0.02,0.03,0.0,0.01,0.01,0.0,0.02,0.0,0.01,0.02,0.01,0.0,0.0,0.0,0.0,0.0,0.01,0.0,0.03,0.04,0.01,0.0,0.01,0.0,0.01,0.01,0.0
24,Frog Revolution,0.0,0.0,0.03,0.0,0.0,0.0,0.0,0.01,0.03,0.04,0.0,0.01,0.02,0.0,0.01,0.0,0.0,0.0,0.0,0.0,0.01,0.0,0.02,0.0,0.0,0.0,0.0,0.0,0.02,0.01,0.03,0.04,0.0,0.0,0.0,0.01,0.0,0.0,0.0,0.0,0.0,0.01,0.0,0.16,0.0,0.01,0.01,0.0,0.01,0.01,0.01,0.01,0.0,0.0,0.02,0.0,0.0,0.06,0.02,0.0,0.03,0.01,0.0,0.0,0.0,0.01,0.0,0.0,0.0,0.0,0.01,0.0,0.0,0.0,0.01,0.0,0.0,0.02,0.01,0.0,0.01,0.01,0.01,0.0,0.05,0.03,0.0,0.01,0.01,0.0,0.0,0.0,0.0,0.03,0.0,0.01,0.0,0.0,0.0,0.0,0.01,0.01,0.02,0.02,0.01,0.0,0.01,0.0,0.02,0.01,0.0
25,Fromagerie Laurent Dubois,0.01,0.0,0.02,0.01,0.0,0.01,0.0,0.0,0.04,0.02,0.0,0.01,0.02,0.0,0.02,0.0,0.0,0.0,0.0,0.0,0.01,0.01,0.0,0.0,0.0,0.0,0.01,0.01,0.0,0.04,0.02,0.03,0.01,0.01,0.02,0.0,0.01,0.0,0.01,0.01,0.0,0.02,0.0,0.15,0.0,0.03,0.02,0.0,0.0,0.0,0.01,0.0,0.0,0.0,0.02,0.0,0.0,0.04,0.01,0.01,0.03,0.0,0.02,0.0,0.01,0.0,0.01,0.0,0.0,0.0,0.0,0.0,0.01,0.0,0.0,0.0,0.0,0.0,0.0,0.0,0.0,0.0,0.02,0.01,0.01,0.03,0.0,0.01,0.0,0.0,0.01,0.0,0.02,0.01,0.01,0.0,0.0,0.01,0.0,0.0,0.01,0.0,0.03,0.03,0.03,0.0,0.0,0.0,0.01,0.0,0.0
26,Galerie Nikki Diana Marquardt,0.0,0.0,0.03,0.01,0.0,0.01,0.0,0.0,0.04,0.02,0.0,0.01,0.01,0.0,0.01,0.0,0.01,0.0,0.0,0.0,0.01,0.0,0.01,0.0,0.0,0.0,0.0,0.01,0.01,0.03,0.02,0.04,0.01,0.0,0.01,0.0,0.01,0.0,0.0,0.01,0.0,0.02,0.0,0.15,0.0,0.02,0.02,0.0,0.0,0.0,0.01,0.0,0.0,0.0,0.02,0.0,0.0,0.06,0.01,0.01,0.05,0.01,0.0,0.0,0.0,0.0,0.0,0.0,0.0,0.0,0.0,0.0,0.01,0.0,0.0,0.0,0.0,0.0,0.0,0.0,0.0,0.0,0.02,0.01,0.02,0.03,0.0,0.01,0.01,0.0,0.02,0.0,0.01,0.02,0.01,0.0,0.0,0.01,0.0,0.0,0.01,0.0,0.03,0.04,0.01,0.0,0.01,0.0,0.02,0.0,0.0
27,Garde Républicaine,0.0,0.0,0.013513513513513514,0.0,0.0,0.0,0.0,0.013513513513513514,0.04054054054054054,0.013513513513513514,0.0,0.013513513513513514,0.013513513513513514,0.013513513513513514,0.013513513513513514,0.0,0.013513513513513514,0.0,0.0,0.0,0.0,0.0,0.0,0.0,0.013513513513513514,0.013513513513513514,0.0,0.013513513513513514,0.0,0.0,0.02702702702702703,0.02702702702702703,0.0,0.0,0.0,0.0,0.0,0.0,0.0,0.0,0.0,0.0,0.0,0.13513513513513514,0.0,0.013513513513513514,0.04054054054054054,0.0,0.013513513513513514,0.013513513513513514,0.013513513513513514,0.0,0.0,0.0,0.04054054054054054,0.0,0.0,0.06756756756756757,0.013513513513513514,0.0,0.04054054054054054,0.0,0.0,0.0,0.0,0.0,0.0,0.0,0.0,0.0,0.0,0.0,0.0,0.0,0.0,0.0,0.02702702702702703,0.013513513513513514,0.013513513513513514,0.0,0.0,0.02702702702702703,0.0,0.013513513513513514,0.013513513513513514,0.04054054054054054,0.0,0.0,0.013513513513513514,0.0,0.013513513513513514,0.0,0.0,0.04054054054054054,0.0,0.013513513513513514,0.013513513513513514,0.0,0.0,0.013513513513513514,0.013513513513513514,0.0,0.02702702702702703,0.013513513513513514,0.013513513513513514,0.0,0.02702702702702703,0.0,0.013513513513513514,0.0,0.0
28,Gaspard de la Nuit,0.0,0.0,0.03,0.0,0.0,0.0,0.0,0.01,0.03,0.02,0.0,0.01,0.01,0.0,0.0,0.0,0.01,0.0,0.0,0.01,0.01,0.0,0.02,0.0,0.0,0.0,0.0,0.0,0.01,0.01,0.04,0.04,0.0,0.0,0.0,0.0,0.0,0.0,0.0,0.0,0.0,0.01,0.0,0.15,0.0,0.01,0.02,0.0,0.01,0.01,0.01,0.01,0.0,0.0,0.02,0.0,0.0,0.07,0.02,0.0,0.03,0.01,0.0,0.0,0.0,0.01,0.0,0.0,0.01,0.0,0.01,0.0,0.0,0.0,0.01,0.0,0.0,0.01,0.01,0.0,0.01,0.0,0.01,0.02,0.05,0.03,0.0,0.01,0.02,0.0,0.01,0.0,0.0,0.03,0.0,0.0,0.01,0.0,0.0,0.0,0.01,0.0,0.03,0.02,0.01,0.0,0.01,0.0,0.01,0.01,0.0
29,Grand Hôtel Malher,0.01,0.0,0.02,0.01,0.0,0.01,0.0,0.0,0.03,0.02,0.0,0.0,0.02,0.0,0.02,0.0,0.0,0.0,0.0,0.0,0.01,0.01,0.01,0.0,0.0,0.0,0.0,0.01,0.0,0.05,0.01,0.03,0.01,0.02,0.01,0.0,0.01,0.0,0.01,0.01,0.0,0.02,0.0,0.12,0.0,0.03,0.02,0.0,0.01,0.0,0.0,0.0,0.0,0.0,0.01,0.0,0.0,0.05,0.03,0.01,0.04,0.0,0.02,0.0,0.01,0.0,0.0,0.0,0.0,0.0,0.0,0.01,0.01,0.0,0.0,0.0,0.0,0.0,0.0,0.0,0.0,0.0,0.03,0.01,0.01,0.03,0.01,0.0,0.01,0.0,0.01,0.0,0.02,0.01,0.0,0.0,0.0,0.01,0.0,0.0,0.0,0.0,0.03,0.04,0.03,0.0,0.0,0.0,0.02,0.0,0.0
30,HOTEL DE JOBO,0.01,0.0,0.02,0.01,0.0,0.02,0.0,0.0,0.04,0.02,0.0,0.01,0.02,0.0,0.02,0.0,0.0,0.0,0.0,0.0,0.01,0.01,0.0,0.0,0.0,0.0,0.0,0.01,0.0,0.04,0.01,0.02,0.01,0.02,0.01,0.0,0.01,0.0,0.01,0.01,0.0,0.02,0.0,0.15,0.0,0.03,0.02,0.0,0.0,0.0,0.01,0.0,0.0,0.0,0.02,0.0,0.0,0.05,0.01,0.01,0.03,0.0,0.02,0.0,0.01,0.0,0.01,0.0,0.0,0.0,0.0,0.0,0.01,0.0,0.0,0.0,0.0,0.0,0.0,0.0,0.0,0.01,0.02,0.01,0.01,0.03,0.0,0.01,0.0,0.0,0.01,0.0,0.02,0.01,0.01,0.0,0.0,0.01,0.0,0.0,0.01,0.0,0.03,0.03,0.03,0.0,0.0,0.0,0.01,0.0,0.0
31,Homies,0.0,0.0,0.03,0.01,0.0,0.01,0.0,0.0,0.04,0.03,0.0,0.01,0.01,0.0,0.01,0.0,0.01,0.0,0.0,0.0,0.0,0.0,0.01,0.0,0.0,0.0,0.0,0.01,0.01,0.02,0.02,0.02,0.01,0.0,0.0,0.0,0.0,0.0,0.0,0.01,0.0,0.02,0.0,0.15,0.0,0.02,0.02,0.0,0.01,0.01,0.01,0.0,0.0,0.0,0.02,0.0,0.0,0.05,0.01,0.0,0.04,0.0,0.0,0.0,0.0,0.0,0.0,0.0,0.0,0.0,0.0,0.0,0.01,0.0,0.0,0.0,0.01,0.0,0.01,0.0,0.0,0.01,0.02,0.01,0.02,0.04,0.0,0.01,0.01,0.0,0.01,0.0,0.0,0.03,0.01,0.01,0.01,0.01,0.0,0.01,0.01,0.0,0.03,0.03,0.03,0.0,0.01,0.0,0.01,0.01,0.0
32,Hôtel Original Paris,0.0,0.0,0.02,0.0,0.0,0.0,0.0,0.01,0.02,0.04,0.0,0.01,0.02,0.0,0.02,0.0,0.01,0.01,0.0,0.01,0.01,0.0,0.02,0.0,0.0,0.0,0.0,0.0,0.02,0.0,0.04,0.03,0.0,0.0,0.0,0.01,0.0,0.0,0.0,0.0,0.0,0.01,0.0,0.16,0.0,0.01,0.0,0.0,0.01,0.0,0.0,0.01,0.0,0.0,0.02,0.0,0.0,0.03,0.02,0.0,0.04,0.02,0.0,0.0,0.0,0.01,0.0,0.0,0.01,0.0,0.01,0.0,0.0,0.0,0.01,0.0,0.0,0.01,0.01,0.0,0.01,0.0,0.01,0.01,0.04,0.03,0.0,0.01,0.02,0.01,0.02,0.0,0.0,0.02,0.0,0.0,0.01,0.0,0.0,0.0,0.02,0.0,0.03,0.02,0.01,0.0,0.01,0.0,0.02,0.01,0.0
33,Hôtel Pavillon de la Reine,0.0,0.0,0.04,0.0,0.0,0.01,0.0,0.0,0.05,0.01,0.01,0.01,0.0,0.0,0.02,0.0,0.01,0.0,0.0,0.0,0.0,0.0,0.01,0.01,0.0,0.0,0.0,0.0,0.01,0.02,0.02,0.05,0.01,0.0,0.01,0.0,0.01,0.0,0.0,0.0,0.0,0.01,0.0,0.15,0.0,0.01,0.02,0.0,0.0,0.0,0.0,0.0,0.0,0.01,0.02,0.0,0.0,0.06,0.01,0.0,0.03,0.02,0.0,0.0,0.0,0.01,0.0,0.0,0.0,0.0,0.01,0.0,0.0,0.0,0.01,0.0,0.0,0.0,0.0,0.0,0.0,0.02,0.02,0.0,0.05,0.02,0.0,0.01,0.01,0.0,0.01,0.0,0.01,0.02,0.01,0.0,0.0,0.0,0.0,0.0,0.01,0.0,0.03,0.05,0.02,0.0,0.01,0.0,0.01,0.01,0.0
34,Hôtel Turenne Le Marais,0.0,0.0,0.03,0.01,0.0,0.02,0.0,0.0,0.04,0.02,0.0,0.01,0.01,0.0,0.01,0.0,0.01,0.0,0.0,0.0,0.01,0.0,0.0,0.0,0.0,0.0,0.0,0.01,0.01,0.03,0.02,0.04,0.01,0.01,0.01,0.0,0.01,0.0,0.0,0.01,0.0,0.02,0.0,0.15,0.0,0.03,0.03,0.0,0.0,0.0,0.01,0.0,0.0,0.0,0.02,0.0,0.0,0.06,0.01,0.01,0.05,0.0,0.0,0.0,0.0,0.0,0.0,0.0,0.0,0.0,0.0,0.0,0.01,0.0,0.0,0.0,0.0,0.0,0.0,0.0,0.0,0.0,0.02,0.01,0.01,0.03,0.0,0.01,0.01,0.0,0.01,0.0,0.01,0.02,0.01,0.0,0.0,0.01,0.0,0.0,0.01,0.0,0.03,0.03,0.02,0.0,0.01,0.0,0.02,0.0,0.0
35,Hôtel de Béthune-Sully,0.0,0.0,0.03,0.01,0.0,0.01,0.0,0.0,0.04,0.02,0.0,0.01,0.01,0.0,0.01,0.0,0.01,0.0,0.0,0.0,0.0,0.0,0.01,0.0,0.0,0.0,0.0,0.01,0.01,0.02,0.02,0.03,0.01,0.0,0.01,0.0,0.01,0.0,0.0,0.01,0.0,0.02,0.0,0.17,0.0,0.03,0.02,0.0,0.0,0.01,0.01,0.0,0.0,0.0,0.02,0.0,0.0,0.06,0.01,0.01,0.05,0.01,0.0,0.0,0.0,0.0,0.0,0.0,0.0,0.0,0.0,0.0,0.01,0.0,0.0,0.0,0.0,0.0,0.0,0.0,0.0,0.0,0.02,0.01,0.02,0.03,0.0,0.01,0.02,0.0,0.01,0.0,0.01,0.02,0.01,0.0,0.0,0.0,0.0,0.0,0.01,0.0,0.03,0.03,0.02,0.0,0.01,0.0,0.02,0.0,0.0
36,Hôtel des Archevêques de Sens,0.0,0.0,0.02,0.01,0.01,0.01,0.0,0.0,0.05,0.02,0.0,0.01,0.01,0.0,0.01,0.0,0.01,0.0,0.0,0.0,0.01,0.01,0.0,0.0,0.0,0.0,0.01,0.02,0.0,0.01,0.02,0.03,0.0,0.01,0.01,0.0,0.0,0.0,0.01,0.01,0.0,0.01,0.0,0.15,0.0,0.02,0.02,0.0,0.0,0.01,0.01,0.0,0.0,0.0,0.03,0.0,0.0,0.04,0.04,0.0,0.02,0.01,0.01,0.0,0.01,0.0,0.0,0.0,0.0,0.0,0.0,0.01,0.01,0.0,0.0,0.0,0.01,0.0,0.0,0.0,0.0,0.01,0.02,0.01,0.01,0.03,0.0,0.0,0.01,0.0,0.01,0.0,0.01,0.02,0.0,0.0,0.0,0.01,0.0,0.01,0.01,0.0,0.03,0.02,0.03,0.0,0.01,0.0,0.03,0.0,0.0
37,Jardin de Sully,0.0,0.0,0.03,0.01,0.0,0.01,0.0,0.0,0.04,0.02,0.0,0.01,0.01,0.0,0.01,0.0,0.01,0.0,0.0,0.0,0.0,0.0,0.01,0.0,0.0,0.0,0.0,0.01,0.01,0.02,0.02,0.03,0.01,0.0,0.01,0.0,0.01,0.0,0.0,0.01,0.0,0.02,0.0,0.17,0.0,0.02,0.02,0.0,0.0,0.01,0.01,0.0,0.0,0.0,0.02,0.0,0.0,0.06,0.01,0.01,0.05,0.01,0.0,0.0,0.0,0.0,0.0,0.0,0.0,0.0,0.0,0.0,0.01,0.0,0.0,0.0,0.0,0.0,0.0,0.0,0.0,0.0,0.02,0.01,0.02,0.03,0.0,0.01,0.02,0.0,0.01,0.0,0.01,0.02,0.01,0.0,0.0,0.0,0.0,0.0,0.01,0.0,0.03,0.04,0.02,0.0,0.01,0.0,0.02,0.0,0.0
38,Jardin de l'Hôtel de Sens,0.0,0.0,0.02,0.01,0.01,0.01,0.0,0.0,0.03,0.01,0.0,0.0,0.01,0.0,0.02,0.0,0.0,0.0,0.0,0.0,0.01,0.01,0.01,0.0,0.0,0.0,0.01,0.02,0.01,0.01,0.02,0.03,0.0,0.01,0.01,0.0,0.01,0.0,0.01,0.01,0.0,0.02,0.0,0.14,0.0,0.02,0.02,0.0,0.0,0.0,0.01,0.0,0.0,0.0,0.0,0.0,0.0,0.04,0.05,0.01,0.04,0.01,0.02,0.0,0.01,0.0,0.0,0.0,0.0,0.01,0.0,0.01,0.01,0.0,0.0,0.0,0.01,0.0,0.0,0.0,0.0,0.01,0.02,0.02,0.01,0.02,0.01,0.0,0.01,0.0,0.01,0.0,0.01,0.02,0.0,0.0,0.0,0.0,0.0,0.0,0.01,0.0,0.03,0.02,0.03,0.01,0.0,0.0,0.03,0.0,0.0
39,Jardins du Port de l'Arsenal,0.0,0.0,0.0,0.01694915254237288,0.0,0.0,0.01694915254237288,0.0,0.03389830508474576,0.01694915254237288,0.0,0.01694915254237288,0.0,0.03389830508474576,0.01694915254237288,0.0,0.0,0.0,0.01694915254237288,0.0,0.01694915254237288,0.0,0.01694915254237288,0.0,0.01694915254237288,0.01694915254237288,0.0,0.0,0.0,0.01694915254237288,0.05084745762711865,0.0,0.0,0.01694915254237288,0.0,0.0,0.0,0.0,0.0,0.0,0.0,0.0,0.0,0.11864406779661017,0.0,0.0,0.0,0.0,0.01694915254237288,0.01694915254237288,0.01694915254237288,0.0,0.01694915254237288,0.0,0.0,0.0,0.0,0.06779661016949153,0.01694915254237288,0.0,0.03389830508474576,0.0,0.0,0.0,0.0,0.0,0.01694915254237288,0.0,0.0,0.0,0.0,0.0,0.0,0.01694915254237288,0.0,0.0,0.01694915254237288,0.01694915254237288,0.01694915254237288,0.0,0.0,0.01694915254237288,0.0,0.01694915254237288,0.01694915254237288,0.01694915254237288,0.0,0.0,0.01694915254237288,0.0,0.01694915254237288,0.0,0.0,0.03389830508474576,0.0,0.01694915254237288,0.0,0.0,0.0,0.0,0.01694915254237288,0.01694915254237288,0.01694915254237288,0.0,0.01694915254237288,0.0,0.03389830508474576,0.0,0.03389830508474576,0.0,0.0
40,Keep Cool,0.0,0.0,0.011363636363636364,0.011363636363636364,0.0,0.011363636363636364,0.0,0.0,0.03409090909090909,0.03409090909090909,0.0,0.011363636363636364,0.011363636363636364,0.011363636363636364,0.011363636363636364,0.0,0.011363636363636364,0.0,0.0,0.0,0.0,0.0,0.011363636363636364,0.0,0.0,0.0,0.011363636363636364,0.011363636363636364,0.0,0.011363636363636364,0.022727272727272728,0.022727272727272728,0.0,0.0,0.0,0.0,0.0,0.0,0.0,0.011363636363636364,0.0,0.011363636363636364,0.0,0.1590909090909091,0.0,0.022727272727272728,0.03409090909090909,0.0,0.011363636363636364,0.011363636363636364,0.011363636363636364,0.0,0.0,0.0,0.03409090909090909,0.0,0.0,0.045454545454545456,0.03409090909090909,0.0,0.03409090909090909,0.0,0.0,0.011363636363636364,0.011363636363636364,0.0,0.0,0.0,0.0,0.0,0.0,0.0,0.0,0.0,0.0,0.0,0.011363636363636364,0.0,0.0,0.0,0.0,0.022727272727272728,0.0,0.011363636363636364,0.011363636363636364,0.045454545454545456,0.0,0.0,0.011363636363636364,0.0,0.011363636363636364,0.0,0.0,0.03409090909090909,0.0,0.011363636363636364,0.011363636363636364,0.0,0.0,0.011363636363636364,0.011363636363636364,0.0,0.03409090909090909,0.022727272727272728,0.022727272727272728,0.0,0.011363636363636364,0.0,0.011363636363636364,0.0,0.0
41,Khao Thai,0.01,0.0,0.03,0.01,0.0,0.01,0.0,0.0,0.04,0.02,0.01,0.01,0.02,0.0,0.02,0.0,0.0,0.0,0.0,0.0,0.01,0.01,0.0,0.0,0.0,0.0,0.0,0.01,0.0,0.05,0.01,0.02,0.01,0.02,0.01,0.0,0.01,0.0,0.01,0.01,0.0,0.02,0.0,0.13,0.0,0.03,0.02,0.0,0.01,0.0,0.01,0.0,0.0,0.0,0.02,0.0,0.0,0.04,0.01,0.01,0.03,0.0,0.02,0.0,0.01,0.0,0.01,0.0,0.0,0.0,0.0,0.0,0.01,0.0,0.0,0.0,0.0,0.0,0.0,0.0,0.0,0.01,0.03,0.01,0.01,0.03,0.0,0.01,0.0,0.0,0.01,0.0,0.02,0.01,0.01,0.0,0.0,0.01,0.0,0.0,0.01,0.0,0.03,0.03,0.02,0.0,0.0,0.0,0.01,0.0,0.0
42,L'Ambroisie,0.0,0.0,0.03,0.01,0.0,0.01,0.0,0.0,0.04,0.02,0.0,0.01,0.01,0.0,0.01,0.0,0.01,0.0,0.0,0.0,0.0,0.0,0.01,0.0,0.0,0.0,0.0,0.01,0.01,0.03,0.02,0.04,0.01,0.0,0.01,0.0,0.01,0.0,0.0,0.01,0.0,0.02,0.0,0.15,0.0,0.02,0.02,0.0,0.0,0.0,0.01,0.0,0.0,0.0,0.02,0.0,0.0,0.07,0.01,0.01,0.05,0.01,0.0,0.0,0.0,0.01,0.0,0.0,0.0,0.0,0.01,0.0,0.01,0.0,0.0,0.0,0.0,0.0,0.0,0.0,0.0,0.0,0.02,0.01,0.02,0.03,0.0,0.01,0.01,0.0,0.02,0.0,0.01,0.02,0.01,0.0,0.0,0.0,0.0,0.0,0.01,0.0,0.03,0.04,0.01,0.0,0.01,0.0,0.01,0.0,0.0
43,L'Ardoise 86,0.0,0.0,0.03,0.01,0.0,0.01,0.0,0.0,0.04,0.02,0.0,0.01,0.01,0.0,0.01,0.0,0.01,0.0,0.0,0.0,0.01,0.01,0.0,0.0,0.0,0.0,0.0,0.01,0.01,0.03,0.02,0.03,0.01,0.01,0.01,0.0,0.01,0.0,0.01,0.01,0.0,0.02,0.0,0.16,0.0,0.03,0.02,0.0,0.0,0.01,0.01,0.0,0.0,0.0,0.02,0.0,0.0,0.04,0.01,0.01,0.02,0.0,0.02,0.0,0.01,0.0,0.0,0.0,0.0,0.0,0.0,0.0,0.01,0.0,0.0,0.0,0.0,0.0,0.0,0.0,0.0,0.0,0.02,0.01,0.01,0.03,0.0,0.01,0.01,0.0,0.01,0.0,0.02,0.01,0.01,0.0,0.0,0.01,0.0,0.0,0.01,0.0,0.03,0.03,0.03,0.0,0.01,0.0,0.02,0.0,0.0
44,L'Area Café,0.0,0.0,0.03,0.0,0.0,0.0,0.0,0.01,0.03,0.02,0.0,0.01,0.01,0.0,0.01,0.0,0.01,0.0,0.0,0.01,0.01,0.0,0.02,0.0,0.0,0.0,0.0,0.0,0.01,0.01,0.04,0.04,0.0,0.0,0.0,0.0,0.0,0.0,0.0,0.0,0.0,0.01,0.0,0.15,0.0,0.01,0.02,0.0,0.01,0.01,0.01,0.01,0.0,0.0,0.02,0.0,0.0,0.06,0.02,0.0,0.03,0.01,0.0,0.0,0.0,0.01,0.0,0.0,0.01,0.0,0.01,0.0,0.0,0.0,0.01,0.0,0.0,0.01,0.01,0.0,0.01,0.0,0.01,0.02,0.05,0.03,0.0,0.01,0.02,0.0,0.01,0.0,0.0,0.03,0.0,0.0,0.01,0.0,0.0,0.0,0.01,0.0,0.03,0.02,0.01,0.0,0.01,0.0,0.01,0.01,0.0
45,L'Eléphant du Nil,0.01,0.0,0.02,0.01,0.0,0.01,0.0,0.0,0.03,0.02,0.0,0.0,0.01,0.0,0.02,0.0,0.0,0.0,0.0,0.0,0.01,0.01,0.01,0.0,0.0,0.0,0.0,0.01,0.0,0.04,0.02,0.04,0.0,0.01,0.02,0.0,0.01,0.0,0.01,0.01,0.0,0.02,0.0,0.12,0.0,0.03,0.03,0.0,0.01,0.0,0.0,0.0,0.0,0.0,0.01,0.0,0.0,0.04,0.03,0.01,0.04,0.0,0.02,0.0,0.01,0.0,0.0,0.0,0.0,0.0,0.0,0.01,0.01,0.0,0.0,0.0,0.0,0.0,0.0,0.0,0.0,0.0,0.03,0.01,0.01,0.03,0.01,0.0,0.01,0.0,0.01,0.0,0.02,0.02,0.0,0.0,0.0,0.01,0.0,0.0,0.01,0.0,0.03,0.03,0.03,0.0,0.0,0.0,0.02,0.0,0.0
46,L'Enoteca,0.0,0.0,0.02,0.01,0.0,0.01,0.0,0.0,0.03,0.02,0.0,0.01,0.01,0.0,0.01,0.0,0.01,0.0,0.0,0.0,0.01,0.01,0.0,0.0,0.0,0.0,0.01,0.01,0.0,0.02,0.02,0.04,0.0,0.01,0.01,0.0,0.01,0.0,0.01,0.01,0.0,0.02,0.0,0.14,0.0,0.03,0.02,0.0,0.0,0.01,0.01,0.0,0.0,0.0,0.02,0.0,0.0,0.05,0.04,0.01,0.02,0.0,0.01,0.0,0.01,0.0,0.0,0.0,0.0,0.0,0.0,0.01,0.01,0.0,0.0,0.0,0.01,0.0,0.0,0.0,0.0,0.01,0.02,0.01,0.01,0.03,0.0,0.0,0.01,0.0,0.01,0.0,0.01,0.01,0.0,0.0,0.0,0.01,0.0,0.01,0.01,0.0,0.03,0.03,0.03,0.0,0.01,0.0,0.03,0.0,0.0
47,L'Orangerie,0.0,0.01020408163265306,0.0,0.01020408163265306,0.01020408163265306,0.0,0.0,0.0,0.04081632653061224,0.02040816326530612,0.0,0.0,0.030612244897959183,0.0,0.0,0.030612244897959183,0.0,0.0,0.0,0.0,0.0,0.01020408163265306,0.0,0.0,0.0,0.0,0.02040816326530612,0.02040816326530612,0.0,0.0,0.0,0.02040816326530612,0.0,0.030612244897959183,0.01020408163265306,0.0,0.0,0.0,0.01020408163265306,0.0,0.0,0.0,0.0,0.23469387755102042,0.0,0.02040816326530612,0.01020408163265306,0.0,0.0,0.0,0.01020408163265306,0.0,0.0,0.0,0.01020408163265306,0.01020408163265306,0.0,0.02040816326530612,0.04081632653061224,0.0,0.030612244897959183,0.030612244897959183,0.0,0.0,0.01020408163265306,0.0,0.0,0.0,0.0,0.0,0.0,0.01020408163265306,0.0,0.0,0.01020408163265306,0.01020408163265306,0.02040816326530612,0.0,0.0,0.0,0.0,0.02040816326530612,0.0,0.02040816326530612,0.01020408163265306,0.02040816326530612,0.0,0.0,0.0,0.0,0.030612244897959183,0.01020408163265306,0.01020408163265306,0.02040816326530612,0.0,0.0,0.0,0.0,0.0,0.0,0.0,0.0,0.0,0.01020408163265306,0.030612244897959183,0.01020408163265306,0.0,0.01020408163265306,0.030612244897959183,0.01020408163265306,0.0
48,L'Éclair de Génie,0.01,0.0,0.03,0.02,0.0,0.01,0.0,0.0,0.03,0.02,0.01,0.0,0.01,0.0,0.02,0.0,0.0,0.0,0.0,0.0,0.01,0.01,0.01,0.0,0.0,0.0,0.0,0.01,0.0,0.04,0.01,0.03,0.01,0.02,0.01,0.0,0.01,0.0,0.01,0.01,0.0,0.02,0.0,0.11,0.0,0.03,0.02,0.0,0.02,0.0,0.0,0.0,0.0,0.0,0.01,0.0,0.0,0.04,0.03,0.01,0.03,0.0,0.02,0.0,0.0,0.0,0.0,0.0,0.0,0.0,0.0,0.0,0.01,0.0,0.0,0.0,0.0,0.0,0.0,0.01,0.0,0.01,0.04,0.01,0.01,0.03,0.01,0.0,0.01,0.0,0.01,0.0,0.02,0.02,0.0,0.0,0.0,0.01,0.01,0.0,0.0,0.0,0.02,0.04,0.02,0.0,0.0,0.0,0.02,0.0,0.0
49,LECLAIREUR Sévigné,0.0,0.0,0.05,0.03,0.0,0.01,0.0,0.0,0.02,0.02,0.01,0.01,0.01,0.0,0.02,0.0,0.0,0.0,0.0,0.0,0.01,0.0,0.0,0.0,0.0,0.0,0.0,0.01,0.01,0.04,0.0,0.04,0.01,0.03,0.02,0.0,0.02,0.0,0.0,0.01,0.0,0.02,0.0,0.12,0.0,0.03,0.02,0.0,0.01,0.0,0.0,0.0,0.0,0.0,0.02,0.0,0.0,0.04,0.01,0.01,0.03,0.01,0.01,0.0,0.0,0.01,0.0,0.0,0.0,0.0,0.0,0.0,0.01,0.0,0.0,0.0,0.0,0.0,0.0,0.01,0.0,0.02,0.03,0.0,0.02,0.03,0.0,0.01,0.0,0.0,0.02,0.0,0.01,0.01,0.0,0.0,0.0,0.01,0.01,0.0,0.0,0.0,0.03,0.04,0.01,0.0,0.0,0.0,0.01,0.0,0.0
50,La Carte des Vins,0.0,0.0,0.03,0.0,0.0,0.0,0.0,0.01,0.03,0.02,0.0,0.01,0.02,0.0,0.02,0.0,0.01,0.01,0.0,0.01,0.0,0.0,0.01,0.01,0.0,0.0,0.0,0.0,0.02,0.01,0.04,0.05,0.0,0.0,0.0,0.01,0.01,0.0,0.0,0.0,0.0,0.01,0.0,0.15,0.0,0.01,0.0,0.0,0.01,0.0,0.0,0.01,0.0,0.0,0.02,0.0,0.0,0.05,0.01,0.0,0.03,0.02,0.0,0.0,0.0,0.01,0.0,0.0,0.01,0.0,0.01,0.0,0.0,0.0,0.01,0.0,0.0,0.01,0.01,0.0,0.01,0.0,0.01,0.0,0.04,0.03,0.0,0.01,0.02,0.0,0.02,0.0,0.0,0.02,0.0,0.0,0.0,0.0,0.0,0.0,0.02,0.0,0.03,0.03,0.01,0.0,0.01,0.0,0.02,0.01,0.0
51,La Cerise sur la Pizza,0.0,0.0,0.02,0.01,0.0,0.01,0.0,0.0,0.03,0.02,0.0,0.01,0.01,0.0,0.01,0.0,0.01,0.0,0.0,0.0,0.01,0.01,0.0,0.0,0.0,0.0,0.0,0.01,0.01,0.03,0.02,0.03,0.01,0.01,0.02,0.0,0.01,0.0,0.01,0.01,0.0,0.02,0.0,0.14,0.0,0.03,0.02,0.0,0.0,0.01,0.01,0.0,0.0,0.0,0.02,0.0,0.0,0.05,0.02,0.01,0.02,0.0,0.01,0.0,0.01,0.0,0.0,0.0,0.0,0.0,0.0,0.01,0.01,0.0,0.0,0.0,0.01,0.0,0.0,0.0,0.0,0.0,0.02,0.01,0.01,0.03,0.0,0.01,0.01,0.0,0.01,0.0,0.02,0.01,0.0,0.0,0.0,0.01,0.0,0.01,0.01,0.0,0.03,0.03,0.03,0.0,0.01,0.0,0.02,0.0,0.0
52,La Cidrerie du Marais,0.01,0.0,0.02,0.01,0.0,0.01,0.0,0.0,0.04,0.02,0.0,0.01,0.02,0.0,0.02,0.0,0.0,0.0,0.0,0.0,0.01,0.01,0.01,0.0,0.0,0.0,0.0,0.01,0.0,0.04,0.01,0.03,0.01,0.01,0.01,0.0,0.01,0.0,0.01,0.01,0.0,0.02,0.0,0.15,0.0,0.03,0.02,0.0,0.0,0.0,0.01,0.0,0.0,0.0,0.02,0.0,0.0,0.04,0.01,0.01,0.03,0.0,0.02,0.0,0.01,0.0,0.01,0.0,0.0,0.0,0.0,0.0,0.01,0.0,0.0,0.0,0.0,0.0,0.0,0.0,0.0,0.0,0.03,0.01,0.01,0.03,0.0,0.01,0.0,0.0,0.01,0.0,0.02,0.01,0.01,0.0,0.0,0.01,0.0,0.0,0.01,0.0,0.03,0.03,0.03,0.0,0.0,0.0,0.02,0.0,0.0
53,La Mangerie,0.01,0.0,0.03,0.01,0.0,0.02,0.0,0.0,0.04,0.02,0.01,0.01,0.02,0.0,0.01,0.0,0.0,0.0,0.0,0.0,0.01,0.01,0.0,0.0,0.0,0.0,0.0,0.01,0.01,0.04,0.01,0.03,0.01,0.02,0.01,0.0,0.01,0.0,0.0,0.01,0.0,0.02,0.0,0.14,0.0,0.03,0.02,0.0,0.0,0.0,0.01,0.0,0.0,0.0,0.02,0.0,0.0,0.05,0.01,0.01,0.04,0.01,0.01,0.0,0.0,0.0,0.01,0.0,0.0,0.0,0.0,0.0,0.01,0.0,0.0,0.0,0.0,0.0,0.0,0.0,0.0,0.01,0.02,0.01,0.01,0.03,0.0,0.01,0.0,0.0,0.02,0.0,0.01,0.01,0.01,0.0,0.0,0.01,0.0,0.0,0.01,0.0,0.03,0.04,0.01,0.0,0.0,0.0,0.01,0.0,0.0
54,La Mouette Rieuse,0.0,0.0,0.02,0.03,0.0,0.01,0.0,0.0,0.02,0.02,0.01,0.0,0.01,0.0,0.02,0.0,0.0,0.0,0.0,0.0,0.01,0.01,0.01,0.0,0.0,0.0,0.0,0.01,0.0,0.04,0.01,0.02,0.01,0.02,0.02,0.0,0.01,0.0,0.01,0.01,0.0,0.02,0.0,0.14,0.0,0.02,0.02,0.0,0.01,0.0,0.0,0.0,0.0,0.0,0.01,0.0,0.0,0.04,0.03,0.01,0.03,0.0,0.02,0.0,0.01,0.0,0.0,0.0,0.0,0.0,0.0,0.0,0.01,0.0,0.0,0.0,0.0,0.0,0.0,0.01,0.0,0.01,0.04,0.01,0.01,0.03,0.0,0.0,0.01,0.0,0.02,0.0,0.02,0.02,0.0,0.0,0.0,0.01,0.01,0.0,0.0,0.0,0.02,0.04,0.02,0.0,0.0,0.0,0.02,0.0,0.0
55,La Moustache Blanche,0.0,0.0,0.03,0.0,0.0,0.0,0.0,0.01,0.04,0.02,0.0,0.01,0.01,0.0,0.01,0.0,0.01,0.0,0.0,0.01,0.01,0.0,0.02,0.0,0.0,0.0,0.0,0.0,0.01,0.01,0.04,0.04,0.0,0.0,0.0,0.0,0.0,0.0,0.0,0.0,0.0,0.01,0.0,0.14,0.0,0.01,0.02,0.0,0.01,0.01,0.01,0.01,0.0,0.0,0.02,0.0,0.0,0.06,0.02,0.0,0.03,0.02,0.0,0.0,0.0,0.01,0.0,0.0,0.01,0.0,0.01,0.0,0.0,0.0,0.01,0.0,0.0,0.01,0.01,0.0,0.01,0.0,0.01,0.02,0.05,0.03,0.0,0.01,0.01,0.0,0.01,0.0,0.0,0.03,0.0,0.0,0.01,0.0,0.0,0.0,0.01,0.0,0.03,0.02,0.01,0.0,0.01,0.0,0.01,0.01,0.0
56,Le Beaumarchais,0.0,0.0,0.03,0.0,0.0,0.0,0.0,0.01,0.02,0.03,0.0,0.01,0.02,0.0,0.02,0.0,0.01,0.01,0.0,0.01,0.01,0.0,0.02,0.0,0.0,0.0,0.0,0.0,0.02,0.01,0.04,0.04,0.0,0.0,0.0,0.01,0.0,0.0,0.0,0.0,0.0,0.01,0.0,0.16,0.0,0.01,0.0,0.0,0.01,0.0,0.0,0.01,0.0,0.0,0.02,0.0,0.0,0.04,0.02,0.0,0.03,0.02,0.0,0.0,0.0,0.01,0.0,0.0,0.01,0.0,0.01,0.0,0.0,0.0,0.01,0.0,0.0,0.01,0.01,0.0,0.01,0.0,0.01,0.01,0.04,0.03,0.0,0.01,0.02,0.0,0.02,0.0,0.0,0.02,0.0,0.0,0.0,0.0,0.0,0.0,0.02,0.0,0.03,0.02,0.01,0.0,0.01,0.0,0.02,0.01,0.0
57,Le Chanard,0.0,0.0,0.02,0.01,0.0,0.01,0.0,0.0,0.05,0.02,0.0,0.01,0.01,0.0,0.01,0.0,0.01,0.0,0.0,0.0,0.01,0.01,0.0,0.0,0.0,0.0,0.01,0.01,0.0,0.01,0.02,0.04,0.0,0.01,0.01,0.0,0.0,0.0,0.01,0.01,0.0,0.01,0.0,0.15,0.0,0.02,0.02,0.0,0.0,0.01,0.01,0.0,0.0,0.0,0.03,0.0,0.0,0.04,0.04,0.0,0.03,0.01,0.01,0.0,0.01,0.0,0.0,0.0,0.0,0.0,0.0,0.01,0.01,0.0,0.0,0.0,0.01,0.0,0.0,0.0,0.0,0.01,0.02,0.01,0.01,0.03,0.0,0.0,0.0,0.0,0.01,0.0,0.01,0.02,0.0,0.0,0.0,0.01,0.0,0.01,0.01,0.0,0.03,0.03,0.03,0.0,0.01,0.0,0.03,0.0,0.0
58,Le Dindon en Laisse,0.0,0.0,0.02,0.01,0.0,0.01,0.0,0.0,0.04,0.03,0.0,0.01,0.01,0.0,0.01,0.0,0.01,0.0,0.0,0.0,0.0,0.0,0.01,0.0,0.0,0.0,0.0,0.01,0.01,0.02,0.02,0.02,0.01,0.0,0.0,0.0,0.0,0.0,0.0,0.01,0.0,0.01,0.0,0.16,0.0,0.02,0.02,0.0,0.01,0.01,0.01,0.0,0.0,0.0,0.03,0.0,0.0,0.05,0.01,0.0,0.03,0.0,0.0,0.0,0.01,0.0,0.0,0.0,0.0,0.0,0.0,0.0,0.01,0.0,0.0,0.0,0.01,0.0,0.01,0.0,0.0,0.02,0.02,0.01,0.02,0.04,0.0,0.01,0.01,0.0,0.01,0.0,0.0,0.03,0.01,0.01,0.01,0.01,0.0,0.01,0.01,0.0,0.03,0.03,0.02,0.0,0.01,0.0,0.01,0.01,0.0
59,Le Loir dans la Théière,0.01,0.0,0.02,0.02,0.0,0.01,0.0,0.0,0.03,0.02,0.01,0.0,0.01,0.0,0.02,0.0,0.0,0.0,0.0,0.0,0.01,0.01,0.01,0.0,0.0,0.0,0.0,0.01,0.0,0.04,0.01,0.03,0.02,0.02,0.01,0.0,0.01,0.0,0.01,0.01,0.0,0.02,0.0,0.11,0.0,0.03,0.02,0.0,0.02,0.0,0.0,0.0,0.0,0.0,0.01,0.0,0.0,0.05,0.03,0.01,0.03,0.0,0.02,0.0,0.0,0.0,0.0,0.0,0.0,0.0,0.0,0.0,0.01,0.0,0.0,0.0,0.0,0.0,0.0,0.01,0.0,0.01,0.03,0.01,0.01,0.03,0.01,0.0,0.01,0.0,0.01,0.0,0.02,0.01,0.01,0.0,0.0,0.01,0.01,0.0,0.0,0.0,0.02,0.04,0.02,0.0,0.0,0.0,0.02,0.0,0.0
60,Le Moulin de Rosa,0.0,0.0,0.05,0.03,0.0,0.01,0.0,0.0,0.02,0.02,0.01,0.01,0.01,0.0,0.02,0.0,0.0,0.0,0.0,0.0,0.01,0.0,0.0,0.0,0.0,0.0,0.0,0.01,0.01,0.03,0.01,0.06,0.01,0.02,0.01,0.0,0.02,0.01,0.0,0.01,0.0,0.02,0.0,0.11,0.0,0.02,0.02,0.0,0.01,0.0,0.0,0.0,0.0,0.0,0.02,0.0,0.0,0.05,0.01,0.01,0.03,0.01,0.0,0.0,0.0,0.01,0.0,0.0,0.0,0.0,0.01,0.0,0.01,0.0,0.01,0.0,0.0,0.0,0.0,0.01,0.0,0.02,0.02,0.0,0.04,0.03,0.0,0.01,0.0,0.0,0.01,0.0,0.01,0.02,0.0,0.0,0.0,0.01,0.0,0.0,0.0,0.0,0.03,0.04,0.01,0.0,0.0,0.0,0.0,0.0,0.0
61,Le Piment,0.01,0.0,0.03,0.03,0.0,0.01,0.0,0.0,0.03,0.02,0.01,0.01,0.02,0.0,0.02,0.0,0.0,0.0,0.0,0.0,0.01,0.01,0.0,0.0,0.0,0.0,0.0,0.01,0.01,0.05,0.01,0.03,0.02,0.02,0.01,0.0,0.01,0.0,0.0,0.01,0.0,0.02,0.0,0.11,0.0,0.02,0.02,0.0,0.02,0.0,0.0,0.0,0.0,0.0,0.02,0.0,0.0,0.04,0.01,0.01,0.03,0.01,0.02,0.0,0.0,0.0,0.0,0.0,0.0,0.0,0.0,0.0,0.01,0.0,0.0,0.0,0.0,0.0,0.0,0.01,0.0,0.01,0.03,0.01,0.01,0.03,0.0,0.01,0.0,0.0,0.02,0.0,0.01,0.01,0.01,0.0,0.0,0.01,0.0,0.0,0.01,0.0,0.03,0.04,0.01,0.0,0.0,0.0,0.01,0.0,0.0
62,Le Rusti,0.0,0.0,0.03,0.0,0.0,0.0,0.0,0.01,0.03,0.02,0.0,0.01,0.01,0.0,0.0,0.0,0.01,0.0,0.0,0.01,0.01,0.0,0.02,0.0,0.0,0.0,0.0,0.0,0.01,0.01,0.04,0.04,0.0,0.0,0.0,0.0,0.0,0.0,0.0,0.0,0.0,0.01,0.0,0.15,0.0,0.01,0.02,0.0,0.01,0.01,0.01,0.01,0.0,0.0,0.02,0.0,0.0,0.07,0.02,0.0,0.03,0.01,0.0,0.0,0.0,0.01,0.0,0.0,0.01,0.0,0.01,0.0,0.0,0.0,0.01,0.0,0.0,0.01,0.01,0.0,0.01,0.0,0.01,0.02,0.05,0.03,0.0,0.01,0.02,0.0,0.01,0.0,0.0,0.03,0.0,0.0,0.01,0.0,0.0,0.0,0.01,0.0,0.03,0.02,0.01,0.0,0.01,0.0,0.01,0.01,0.0
63,Le Temps des Cerises,0.0,0.0,0.02,0.01,0.0,0.01,0.0,0.0,0.03,0.03,0.0,0.01,0.01,0.0,0.0,0.0,0.01,0.0,0.0,0.0,0.0,0.0,0.01,0.0,0.0,0.0,0.01,0.01,0.01,0.01,0.02,0.02,0.02,0.0,0.0,0.0,0.0,0.0,0.0,0.01,0.0,0.01,0.0,0.16,0.0,0.02,0.02,0.0,0.01,0.01,0.01,0.0,0.0,0.0,0.03,0.0,0.0,0.07,0.02,0.0,0.03,0.0,0.0,0.0,0.01,0.0,0.0,0.0,0.0,0.0,0.0,0.0,0.0,0.0,0.0,0.0,0.01,0.01,0.01,0.0,0.0,0.02,0.02,0.02,0.02,0.04,0.0,0.0,0.01,0.0,0.01,0.0,0.0,0.03,0.0,0.01,0.01,0.0,0.0,0.01,0.01,0.0,0.03,0.03,0.02,0.0,0.01,0.0,0.01,0.01,0.0
64,Lenôtre,0.0,0.0,0.03,0.0,0.0,0.01,0.0,0.01,0.03,0.02,0.0,0.01,0.02,0.0,0.0,0.0,0.0,0.0,0.0,0.0,0.01,0.0,0.02,0.0,0.0,0.0,0.0,0.01,0.01,0.0,0.03,0.04,0.0,0.0,0.0,0.0,0.0,0.0,0.0,0.0,0.0,0.01,0.0,0.15,0.0,0.01,0.02,0.0,0.01,0.01,0.01,0.01,0.0,0.0,0.02,0.0,0.0,0.07,0.02,0.0,0.04,0.01,0.0,0.0,0.0,0.01,0.0,0.0,0.0,0.0,0.01,0.0,0.0,0.0,0.01,0.0,0.01,0.02,0.01,0.0,0.0,0.01,0.01,0.01,0.04,0.03,0.0,0.01,0.01,0.0,0.0,0.0,0.0,0.03,0.0,0.01,0.0,0.0,0.0,0.01,0.01,0.01,0.03,0.02,0.02,0.0,0.01,0.0,0.01,0.01,0.0
65,Les Bonnes Sœurs,0.0,0.0,0.03,0.0,0.0,0.0,0.0,0.0,0.04,0.02,0.0,0.01,0.01,0.0,0.02,0.0,0.01,0.0,0.0,0.01,0.0,0.0,0.01,0.01,0.0,0.0,0.0,0.0,0.01,0.01,0.03,0.05,0.01,0.0,0.01,0.0,0.01,0.0,0.0,0.0,0.0,0.01,0.0,0.14,0.0,0.01,0.02,0.0,0.01,0.0,0.0,0.01,0.0,0.01,0.02,0.0,0.0,0.07,0.01,0.0,0.03,0.03,0.0,0.0,0.0,0.01,0.0,0.0,0.0,0.0,0.01,0.0,0.0,0.0,0.01,0.0,0.0,0.0,0.0,0.0,0.01,0.0,0.01,0.0,0.05,0.03,0.0,0.01,0.01,0.0,0.02,0.0,0.01,0.02,0.01,0.0,0.0,0.0,0.0,0.0,0.01,0.0,0.03,0.04,0.01,0.0,0.01,0.0,0.01,0.01,0.0
66,Les Nautes,0.0,0.0,0.01,0.01,0.01,0.01,0.0,0.0,0.04,0.02,0.0,0.0,0.02,0.0,0.0,0.0,0.0,0.0,0.0,0.0,0.0,0.01,0.0,0.0,0.0,0.0,0.02,0.02,0.0,0.02,0.02,0.03,0.0,0.04,0.01,0.0,0.0,0.0,0.01,0.01,0.0,0.01,0.0,0.19,0.0,0.03,0.02,0.0,0.0,0.01,0.01,0.0,0.0,0.0,0.02,0.0,0.0,0.04,0.03,0.0,0.03,0.01,0.0,0.0,0.01,0.0,0.0,0.0,0.0,0.0,0.0,0.01,0.0,0.0,0.0,0.0,0.02,0.0,0.0,0.0,0.0,0.01,0.01,0.01,0.01,0.02,0.0,0.0,0.0,0.0,0.02,0.0,0.01,0.02,0.0,0.0,0.0,0.01,0.0,0.01,0.01,0.0,0.03,0.01,0.03,0.01,0.0,0.0,0.02,0.01,0.0
67,Léon de Bruxelles,0.0,0.0,0.03,0.0,0.0,0.0,0.0,0.01,0.02,0.03,0.0,0.01,0.02,0.0,0.02,0.0,0.0,0.0,0.0,0.0,0.01,0.0,0.02,0.0,0.0,0.0,0.0,0.0,0.02,0.0,0.03,0.04,0.0,0.0,0.0,0.01,0.0,0.0,0.0,0.0,0.0,0.01,0.0,0.16,0.0,0.01,0.01,0.0,0.01,0.01,0.01,0.01,0.0,0.0,0.02,0.0,0.0,0.04,0.02,0.0,0.03,0.02,0.0,0.0,0.0,0.01,0.0,0.0,0.0,0.0,0.01,0.0,0.0,0.0,0.01,0.0,0.0,0.02,0.01,0.0,0.01,0.01,0.01,0.0,0.05,0.03,0.0,0.01,0.01,0.01,0.01,0.0,0.0,0.03,0.0,0.01,0.0,0.0,0.0,0.0,0.01,0.01,0.03,0.02,0.01,0.0,0.01,0.0,0.02,0.01,0.0
68,Maison Européenne de la Photographie,0.0,0.0,0.03,0.01,0.01,0.01,0.0,0.0,0.03,0.01,0.0,0.0,0.01,0.0,0.02,0.0,0.0,0.0,0.0,0.0,0.01,0.01,0.01,0.0,0.0,0.0,0.0,0.01,0.01,0.04,0.01,0.03,0.0,0.01,0.01,0.0,0.01,0.0,0.01,0.01,0.0,0.02,0.0,0.14,0.0,0.02,0.02,0.0,0.01,0.0,0.0,0.0,0.0,0.0,0.0,0.0,0.01,0.04,0.06,0.01,0.03,0.0,0.02,0.0,0.01,0.0,0.0,0.0,0.0,0.01,0.0,0.01,0.01,0.0,0.0,0.0,0.0,0.0,0.0,0.0,0.0,0.0,0.04,0.01,0.01,0.02,0.01,0.0,0.02,0.0,0.01,0.0,0.02,0.01,0.0,0.0,0.0,0.01,0.0,0.0,0.01,0.0,0.02,0.02,0.03,0.0,0.0,0.0,0.03,0.0,0.0
69,Maison Georges Larnicol,0.01,0.0,0.03,0.01,0.0,0.01,0.0,0.0,0.03,0.02,0.0,0.0,0.01,0.0,0.02,0.0,0.0,0.0,0.0,0.0,0.01,0.01,0.01,0.0,0.0,0.0,0.0,0.01,0.01,0.04,0.01,0.04,0.0,0.01,0.02,0.0,0.01,0.0,0.01,0.01,0.0,0.02,0.0,0.13,0.0,0.03,0.02,0.0,0.02,0.0,0.0,0.0,0.0,0.0,0.0,0.0,0.0,0.04,0.04,0.01,0.03,0.0,0.02,0.0,0.01,0.0,0.0,0.0,0.0,0.0,0.0,0.01,0.01,0.0,0.0,0.0,0.0,0.0,0.0,0.0,0.0,0.0,0.03,0.01,0.01,0.02,0.01,0.0,0.02,0.0,0.01,0.0,0.02,0.02,0.0,0.0,0.0,0.01,0.0,0.0,0.01,0.0,0.02,0.02,0.03,0.0,0.0,0.0,0.03,0.0,0.0
70,Maison de Victor Hugo,0.0,0.0,0.03,0.0,0.0,0.01,0.0,0.0,0.04,0.02,0.0,0.01,0.01,0.0,0.02,0.0,0.01,0.0,0.0,0.01,0.0,0.0,0.02,0.0,0.0,0.0,0.0,0.01,0.01,0.02,0.03,0.04,0.01,0.0,0.01,0.0,0.0,0.0,0.0,0.0,0.0,0.01,0.0,0.14,0.0,0.01,0.02,0.0,0.01,0.01,0.01,0.0,0.0,0.0,0.02,0.0,0.0,0.06,0.01,0.0,0.04,0.03,0.0,0.0,0.0,0.01,0.0,0.0,0.0,0.0,0.01,0.0,0.0,0.0,0.01,0.0,0.0,0.0,0.0,0.0,0.0,0.0,0.02,0.01,0.04,0.03,0.0,0.01,0.01,0.0,0.01,0.0,0.01,0.02,0.0,0.0,0.0,0.0,0.0,0.0,0.01,0.0,0.03,0.04,0.02,0.0,0.01,0.0,0.01,0.01,0.0
71,Maria Loca,0.0,0.0,0.01098901098901099,0.0,0.0,0.01098901098901099,0.0,0.01098901098901099,0.04395604395604396,0.02197802197802198,0.0,0.01098901098901099,0.01098901098901099,0.01098901098901099,0.0,0.0,0.0,0.0,0.0,0.0,0.01098901098901099,0.0,0.01098901098901099,0.0,0.01098901098901099,0.0,0.0,0.01098901098901099,0.01098901098901099,0.01098901098901099,0.02197802197802198,0.02197802197802198,0.0,0.0,0.0,0.0,0.0,0.0,0.0,0.01098901098901099,0.0,0.01098901098901099,0.0,0.15384615384615385,0.0,0.01098901098901099,0.02197802197802198,0.0,0.01098901098901099,0.01098901098901099,0.01098901098901099,0.0,0.0,0.0,0.03296703296703297,0.0,0.0,0.06593406593406594,0.02197802197802198,0.0,0.02197802197802198,0.01098901098901099,0.0,0.01098901098901099,0.0,0.0,0.0,0.0,0.0,0.0,0.0,0.0,0.0,0.0,0.0,0.0,0.01098901098901099,0.01098901098901099,0.01098901098901099,0.0,0.0,0.02197802197802198,0.0,0.01098901098901099,0.03296703296703297,0.03296703296703297,0.0,0.0,0.01098901098901099,0.0,0.01098901098901099,0.0,0.0,0.03296703296703297,0.0,0.01098901098901099,0.0,0.0,0.0,0.01098901098901099,0.01098901098901099,0.01098901098901099,0.03296703296703297,0.02197802197802198,0.02197802197802198,0.0,0.02197802197802198,0.0,0.01098901098901099,0.01098901098901099,0.0
72,Metropolitain,0.0,0.0,0.02,0.01,0.01,0.01,0.0,0.0,0.03,0.01,0.0,0.0,0.02,0.0,0.02,0.0,0.0,0.0,0.0,0.0,0.01,0.01,0.01,0.0,0.0,0.0,0.0,0.02,0.01,0.02,0.01,0.02,0.0,0.01,0.01,0.0,0.01,0.0,0.01,0.01,0.0,0.02,0.0,0.14,0.0,0.02,0.02,0.01,0.0,0.0,0.0,0.0,0.0,0.0,0.0,0.0,0.01,0.04,0.06,0.01,0.03,0.0,0.02,0.0,0.01,0.0,0.0,0.0,0.0,0.01,0.0,0.01,0.01,0.0,0.0,0.0,0.0,0.0,0.0,0.0,0.0,0.0,0.04,0.02,0.01,0.03,0.01,0.0,0.02,0.0,0.01,0.0,0.01,0.02,0.0,0.0,0.0,0.01,0.0,0.0,0.01,0.0,0.02,0.02,0.03,0.0,0.0,0.0,0.03,0.0,0.0
73,Miss Manon,0.0,0.0,0.03,0.01,0.0,0.01,0.0,0.0,0.04,0.02,0.0,0.01,0.01,0.0,0.01,0.0,0.01,0.0,0.0,0.0,0.01,0.01,0.0,0.0,0.0,0.0,0.0,0.01,0.01,0.03,0.02,0.03,0.01,0.01,0.01,0.0,0.01,0.0,0.01,0.01,0.0,0.02,0.0,0.16,0.0,0.03,0.02,0.0,0.0,0.01,0.01,0.0,0.0,0.0,0.02,0.0,0.0,0.05,0.01,0.01,0.02,0.0,0.0,0.0,0.01,0.0,0.0,0.0,0.0,0.0,0.0,0.0,0.01,0.0,0.0,0.0,0.01,0.0,0.0,0.0,0.0,0.0,0.02,0.01,0.01,0.03,0.0,0.01,0.01,0.0,0.01,0.0,0.02,0.01,0.0,0.0,0.0,0.01,0.0,0.01,0.01,0.0,0.03,0.03,0.03,0.0,0.01,0.0,0.02,0.0,0.0
74,Monoprix,0.0,0.0,0.03,0.01,0.0,0.01,0.0,0.0,0.04,0.02,0.0,0.01,0.01,0.0,0.01,0.0,0.01,0.0,0.0,0.0,0.01,0.01,0.0,0.0,0.0,0.0,0.0,0.01,0.01,0.02,0.02,0.02,0.01,0.01,0.01,0.0,0.01,0.0,0.0,0.01,0.0,0.02,0.0,0.16,0.0,0.03,0.02,0.0,0.01,0.01,0.01,0.0,0.0,0.0,0.02,0.0,0.0,0.05,0.01,0.01,0.03,0.0,0.0,0.0,0.0,0.0,0.0,0.0,0.0,0.0,0.0,0.0,0.01,0.0,0.0,0.0,0.01,0.0,0.0,0.0,0.0,0.0,0.02,0.01,0.02,0.04,0.0,0.01,0.01,0.0,0.01,0.0,0.02,0.02,0.0,0.0,0.0,0.01,0.0,0.01,0.01,0.0,0.03,0.03,0.02,0.0,0.01,0.0,0.02,0.0,0.0
75,Opéra Bastille,0.0,0.0,0.01,0.0,0.0,0.01,0.0,0.01,0.03,0.06,0.0,0.01,0.04,0.0,0.01,0.0,0.0,0.01,0.01,0.0,0.02,0.0,0.03,0.0,0.01,0.0,0.0,0.0,0.02,0.02,0.06,0.01,0.0,0.0,0.0,0.02,0.0,0.0,0.0,0.0,0.01,0.01,0.01,0.13,0.01,0.0,0.0,0.0,0.01,0.01,0.0,0.01,0.0,0.0,0.01,0.0,0.0,0.04,0.01,0.0,0.04,0.02,0.0,0.0,0.0,0.0,0.0,0.0,0.0,0.0,0.01,0.0,0.0,0.0,0.0,0.01,0.0,0.02,0.01,0.0,0.0,0.01,0.0,0.0,0.03,0.01,0.0,0.0,0.01,0.02,0.0,0.0,0.0,0.02,0.0,0.01,0.0,0.0,0.0,0.0,0.02,0.01,0.02,0.0,0.02,0.0,0.02,0.0,0.03,0.01,0.0
76,Pasta Linea,0.0,0.0,0.03,0.01,0.0,0.02,0.0,0.0,0.04,0.02,0.0,0.01,0.01,0.0,0.01,0.0,0.01,0.0,0.0,0.0,0.01,0.0,0.0,0.0,0.0,0.0,0.0,0.01,0.01,0.03,0.02,0.04,0.01,0.01,0.01,0.0,0.01,0.0,0.0,0.01,0.0,0.02,0.0,0.15,0.0,0.03,0.02,0.0,0.0,0.0,0.01,0.0,0.0,0.0,0.02,0.0,0.0,0.06,0.01,0.01,0.04,0.01,0.0,0.0,0.0,0.0,0.0,0.0,0.0,0.0,0.0,0.0,0.01,0.0,0.0,0.0,0.0,0.0,0.0,0.0,0.0,0.0,0.02,0.01,0.01,0.03,0.0,0.01,0.01,0.0,0.01,0.0,0.01,0.02,0.01,0.0,0.0,0.01,0.0,0.0,0.01,0.0,0.03,0.04,0.02,0.0,0.01,0.0,0.02,0.0,0.0
77,Paul,0.01,0.0,0.02,0.01,0.0,0.01,0.0,0.0,0.04,0.02,0.0,0.01,0.01,0.0,0.01,0.0,0.01,0.0,0.0,0.0,0.01,0.01,0.0,0.0,0.0,0.0,0.01,0.01,0.01,0.03,0.02,0.03,0.01,0.01,0.01,0.0,0.01,0.0,0.01,0.01,0.0,0.02,0.0,0.15,0.0,0.03,0.02,0.0,0.0,0.01,0.01,0.0,0.0,0.0,0.02,0.0,0.0,0.04,0.01,0.01,0.02,0.0,0.02,0.0,0.01,0.0,0.0,0.0,0.0,0.0,0.0,0.0,0.01,0.0,0.0,0.0,0.0,0.0,0.0,0.0,0.0,0.0,0.02,0.01,0.01,0.03,0.0,0.01,0.0,0.0,0.01,0.0,0.02,0.01,0.01,0.0,0.0,0.01,0.0,0.01,0.01,0.0,0.03,0.03,0.03,0.0,0.01,0.0,0.02,0.0,0.0
78,Pavillon de l'Arsenal,0.0,0.0,0.0,0.0,0.0,0.0,0.0,0.0,0.058823529411764705,0.0196078431372549,0.0,0.0,0.0196078431372549,0.0196078431372549,0.0,0.0,0.0,0.0,0.0,0.0,0.0,0.0,0.0,0.0,0.0,0.0196078431372549,0.0,0.0196078431372549,0.0,0.0,0.0392156862745098,0.0,0.0,0.0,0.0,0.0,0.0,0.0,0.0,0.0,0.0,0.0,0.0,0.13725490196078433,0.0,0.058823529411764705,0.058823529411764705,0.0,0.0196078431372549,0.0196078431372549,0.0196078431372549,0.0,0.0,0.0,0.0392156862745098,0.0,0.0,0.0392156862745098,0.0392156862745098,0.0,0.0196078431372549,0.0196078431372549,0.0,0.0,0.0,0.0,0.0,0.0,0.0,0.0,0.0,0.0,0.0,0.0,0.0,0.0,0.0392156862745098,0.0,0.0,0.0,0.0,0.0392156862745098,0.0,0.0392156862745098,0.0196078431372549,0.0,0.0,0.0,0.0,0.0,0.0196078431372549,0.0,0.0,0.0196078431372549,0.0,0.0196078431372549,0.0196078431372549,0.0,0.0,0.0196078431372549,0.0196078431372549,0.0,0.0196078431372549,0.0,0.0196078431372549,0.0,0.0392156862745098,0.0,0.0,0.0,0.0
79,Pedra Alta,0.0,0.0,0.02,0.0,0.0,0.0,0.0,0.01,0.02,0.04,0.0,0.01,0.02,0.0,0.02,0.0,0.01,0.01,0.0,0.01,0.01,0.0,0.02,0.0,0.0,0.0,0.0,0.0,0.02,0.0,0.04,0.03,0.0,0.0,0.0,0.01,0.0,0.0,0.0,0.0,0.0,0.01,0.0,0.16,0.0,0.01,0.0,0.0,0.01,0.0,0.0,0.01,0.0,0.0,0.02,0.0,0.0,0.04,0.02,0.0,0.04,0.02,0.0,0.0,0.0,0.01,0.0,0.0,0.01,0.0,0.01,0.0,0.0,0.0,0.01,0.0,0.0,0.01,0.01,0.0,0.01,0.0,0.01,0.01,0.04,0.03,0.0,0.01,0.02,0.01,0.01,0.0,0.0,0.02,0.0,0.0,0.01,0.0,0.0,0.0,0.02,0.0,0.03,0.02,0.01,0.0,0.01,0.0,0.02,0.01,0.0
80,Petit Pan,0.0,0.0,0.03,0.01,0.01,0.01,0.0,0.0,0.03,0.01,0.0,0.0,0.01,0.0,0.02,0.0,0.0,0.0,0.0,0.0,0.01,0.01,0.01,0.0,0.0,0.0,0.0,0.01,0.01,0.04,0.01,0.03,0.0,0.01,0.02,0.0,0.01,0.0,0.01,0.01,0.0,0.02,0.0,0.15,0.0,0.02,0.01,0.0,0.03,0.0,0.0,0.0,0.0,0.0,0.0,0.0,0.01,0.04,0.04,0.01,0.02,0.0,0.02,0.0,0.01,0.0,0.0,0.0,0.0,0.01,0.0,0.01,0.01,0.0,0.0,0.0,0.0,0.0,0.0,0.0,0.0,0.0,0.04,0.01,0.01,0.02,0.01,0.0,0.02,0.0,0.01,0.0,0.02,0.01,0.0,0.0,0.0,0.01,0.0,0.0,0.01,0.0,0.02,0.02,0.03,0.0,0.0,0.0,0.03,0.0,0.0
81,Pitzman,0.01,0.0,0.03,0.01,0.0,0.01,0.0,0.0,0.03,0.02,0.0,0.0,0.01,0.0,0.02,0.0,0.0,0.0,0.0,0.0,0.01,0.01,0.01,0.0,0.0,0.0,0.0,0.01,0.01,0.04,0.01,0.03,0.01,0.02,0.02,0.0,0.01,0.0,0.01,0.01,0.0,0.02,0.0,0.11,0.0,0.03,0.02,0.0,0.02,0.0,0.0,0.0,0.0,0.0,0.01,0.0,0.0,0.04,0.03,0.01,0.03,0.0,0.02,0.0,0.01,0.0,0.0,0.0,0.0,0.0,0.0,0.01,0.01,0.0,0.0,0.0,0.0,0.0,0.0,0.0,0.0,0.0,0.04,0.01,0.01,0.03,0.01,0.0,0.01,0.0,0.01,0.0,0.02,0.02,0.0,0.0,0.0,0.01,0.0,0.0,0.01,0.0,0.03,0.03,0.02,0.0,0.0,0.0,0.02,0.0,0.0
82,Place Saint-Paul,0.01,0.0,0.03,0.01,0.0,0.01,0.0,0.0,0.03,0.02,0.0,0.0,0.01,0.0,0.02,0.0,0.0,0.0,0.0,0.0,0.01,0.01,0.01,0.0,0.0,0.0,0.0,0.01,0.0,0.04,0.02,0.04,0.0,0.01,0.02,0.0,0.01,0.0,0.01,0.01,0.0,0.02,0.0,0.12,0.0,0.03,0.02,0.0,0.01,0.0,0.0,0.0,0.0,0.0,0.01,0.0,0.0,0.04,0.03,0.01,0.04,0.0,0.02,0.0,0.01,0.0,0.0,0.0,0.0,0.0,0.0,0.01,0.01,0.0,0.0,0.0,0.0,0.0,0.0,0.0,0.0,0.0,0.03,0.01,0.01,0.03,0.01,0.0,0.01,0.0,0.01,0.0,0.02,0.02,0.0,0.0,0.0,0.01,0.0,0.0,0.01,0.0,0.03,0.03,0.03,0.0,0.0,0.0,0.02,0.0,0.0
83,Place de la Bastille,0.0,0.0,0.02,0.0,0.0,0.01,0.0,0.01,0.02,0.04,0.0,0.01,0.02,0.0,0.01,0.0,0.0,0.01,0.0,0.0,0.01,0.0,0.02,0.0,0.01,0.0,0.0,0.0,0.02,0.02,0.05,0.03,0.0,0.0,0.0,0.01,0.0,0.0,0.0,0.0,0.01,0.01,0.0,0.15,0.0,0.01,0.01,0.0,0.01,0.01,0.01,0.01,0.0,0.0,0.02,0.0,0.0,0.05,0.01,0.0,0.02,0.01,0.0,0.0,0.0,0.0,0.0,0.0,0.0,0.0,0.01,0.0,0.0,0.0,0.01,0.0,0.0,0.02,0.01,0.0,0.01,0.01,0.0,0.0,0.03,0.02,0.0,0.01,0.01,0.02,0.01,0.0,0.0,0.03,0.0,0.01,0.0,0.0,0.0,0.0,0.02,0.01,0.02,0.02,0.01,0.0,0.02,0.0,0.02,0.01,0.0
84,Place des Vosges,0.0,0.0,0.03,0.0,0.0,0.01,0.0,0.0,0.04,0.01,0.0,0.01,0.01,0.0,0.02,0.0,0.01,0.0,0.0,0.0,0.0,0.0,0.01,0.0,0.0,0.0,0.0,0.01,0.01,0.02,0.03,0.04,0.01,0.0,0.01,0.0,0.0,0.0,0.0,0.0,0.0,0.02,0.0,0.15,0.0,0.01,0.02,0.0,0.01,0.0,0.01,0.0,0.0,0.0,0.02,0.0,0.0,0.06,0.01,0.0,0.04,0.02,0.0,0.0,0.0,0.01,0.0,0.0,0.0,0.0,0.01,0.0,0.0,0.0,0.01,0.0,0.0,0.0,0.0,0.0,0.0,0.0,0.02,0.01,0.04,0.04,0.0,0.01,0.01,0.0,0.02,0.0,0.01,0.02,0.01,0.0,0.0,0.0,0.0,0.0,0.01,0.0,0.03,0.04,0.02,0.0,0.01,0.0,0.01,0.01,0.0
85,Place du Marché Sainte-Catherine,0.01,0.0,0.03,0.01,0.0,0.02,0.0,0.0,0.04,0.02,0.0,0.01,0.01,0.0,0.01,0.0,0.0,0.0,0.0,0.0,0.01,0.01,0.0,0.0,0.0,0.0,0.0,0.01,0.01,0.04,0.01,0.04,0.01,0.01,0.01,0.0,0.01,0.0,0.0,0.01,0.0,0.02,0.0,0.15,0.0,0.03,0.02,0.0,0.0,0.0,0.01,0.0,0.0,0.0,0.02,0.0,0.0,0.05,0.01,0.01,0.04,0.01,0.01,0.0,0.0,0.0,0.01,0.0,0.0,0.0,0.0,0.0,0.01,0.0,0.0,0.0,0.0,0.0,0.0,0.0,0.0,0.01,0.02,0.01,0.01,0.03,0.0,0.01,0.0,0.0,0.01,0.0,0.02,0.01,0.01,0.0,0.0,0.01,0.0,0.0,0.01,0.0,0.03,0.03,0.02,0.0,0.01,0.0,0.01,0.0,0.0
86,Popelini,0.01,0.0,0.05,0.03,0.0,0.01,0.0,0.0,0.04,0.02,0.01,0.01,0.0,0.0,0.02,0.0,0.0,0.0,0.0,0.0,0.01,0.0,0.01,0.0,0.0,0.0,0.0,0.01,0.01,0.04,0.01,0.05,0.01,0.0,0.01,0.0,0.02,0.0,0.0,0.01,0.0,0.02,0.0,0.1,0.0,0.02,0.02,0.0,0.0,0.0,0.0,0.0,0.0,0.01,0.02,0.0,0.0,0.06,0.01,0.01,0.03,0.02,0.0,0.0,0.0,0.01,0.01,0.0,0.0,0.0,0.0,0.0,0.01,0.0,0.0,0.0,0.0,0.0,0.0,0.0,0.0,0.01,0.02,0.0,0.03,0.03,0.0,0.01,0.0,0.0,0.02,0.0,0.01,0.02,0.01,0.0,0.0,0.01,0.0,0.0,0.01,0.0,0.03,0.04,0.01,0.0,0.0,0.0,0.0,0.0,0.0
87,Rivolux,0.01,0.0,0.03,0.01,0.01,0.01,0.0,0.0,0.03,0.02,0.0,0.0,0.01,0.0,0.02,0.0,0.0,0.0,0.0,0.0,0.01,0.01,0.01,0.0,0.0,0.0,0.0,0.01,0.01,0.04,0.01,0.04,0.0,0.01,0.02,0.0,0.01,0.0,0.01,0.01,0.0,0.02,0.0,0.14,0.0,0.02,0.02,0.0,0.03,0.0,0.0,0.0,0.0,0.0,0.0,0.0,0.01,0.03,0.04,0.01,0.02,0.0,0.02,0.0,0.01,0.0,0.0,0.0,0.0,0.0,0.0,0.01,0.01,0.0,0.0,0.0,0.0,0.0,0.0,0.0,0.0,0.0,0.04,0.01,0.01,0.02,0.01,0.0,0.02,0.0,0.01,0.0,0.02,0.01,0.0,0.0,0.0,0.01,0.0,0.0,0.01,0.0,0.02,0.02,0.02,0.0,0.0,0.0,0.03,0.0,0.0
88,Savannah Coffee,0.0,0.0,0.03,0.01,0.0,0.02,0.0,0.0,0.04,0.02,0.0,0.01,0.01,0.0,0.01,0.0,0.01,0.0,0.0,0.0,0.01,0.0,0.0,0.0,0.0,0.0,0.0,0.01,0.01,0.03,0.02,0.04,0.01,0.01,0.01,0.0,0.01,0.0,0.0,0.01,0.0,0.02,0.0,0.15,0.0,0.03,0.03,0.0,0.0,0.0,0.01,0.0,0.0,0.0,0.02,0.0,0.0,0.06,0.01,0.01,0.04,0.01,0.0,0.0,0.0,0.0,0.0,0.0,0.0,0.0,0.0,0.0,0.01,0.0,0.0,0.0,0.0,0.0,0.0,0.0,0.0,0.0,0.02,0.01,0.01,0.03,0.0,0.01,0.01,0.0,0.01,0.0,0.01,0.02,0.01,0.0,0.0,0.01,0.0,0.0,0.01,0.0,0.03,0.03,0.02,0.0,0.01,0.0,0.02,0.0,0.0
89,Sherry Butt,0.0,0.0,0.02,0.01,0.0,0.01,0.0,0.0,0.04,0.02,0.0,0.01,0.01,0.0,0.01,0.0,0.01,0.0,0.0,0.0,0.0,0.0,0.01,0.0,0.0,0.0,0.0,0.01,0.01,0.02,0.02,0.02,0.01,0.0,0.0,0.0,0.0,0.0,0.0,0.01,0.0,0.01,0.0,0.16,0.0,0.02,0.02,0.0,0.01,0.01,0.01,0.0,0.0,0.0,0.03,0.0,0.0,0.05,0.01,0.0,0.03,0.01,0.0,0.0,0.01,0.0,0.0,0.0,0.0,0.0,0.0,0.0,0.01,0.0,0.0,0.0,0.01,0.0,0.01,0.0,0.0,0.02,0.02,0.01,0.02,0.04,0.0,0.01,0.01,0.0,0.01,0.0,0.0,0.03,0.01,0.01,0.01,0.01,0.0,0.01,0.01,0.0,0.03,0.03,0.02,0.0,0.01,0.0,0.01,0.01,0.0
90,Square Barye,0.0,0.0,0.0,0.0,0.0,0.0,0.0,0.0,0.038461538461538464,0.0,0.0,0.0,0.019230769230769232,0.019230769230769232,0.0,0.019230769230769232,0.0,0.0,0.0,0.0,0.0,0.0,0.0,0.0,0.0,0.0,0.019230769230769232,0.019230769230769232,0.0,0.0,0.038461538461538464,0.0,0.0,0.019230769230769232,0.019230769230769232,0.0,0.0,0.0,0.0,0.0,0.0,0.0,0.0,0.25,0.0,0.038461538461538464,0.019230769230769232,0.0,0.0,0.019230769230769232,0.019230769230769232,0.0,0.0,0.0,0.019230769230769232,0.0,0.0,0.038461538461538464,0.07692307692307693,0.0,0.019230769230769232,0.038461538461538464,0.0,0.0,0.0,0.0,0.0,0.0,0.0,0.0,0.0,0.0,0.0,0.0,0.0,0.019230769230769232,0.038461538461538464,0.0,0.0,0.0,0.0,0.019230769230769232,0.0,0.038461538461538464,0.019230769230769232,0.0,0.0,0.0,0.0,0.0,0.019230769230769232,0.0,0.0,0.019230769230769232,0.0,0.0,0.0,0.0,0.0,0.0,0.0,0.0,0.0,0.0,0.019230769230769232,0.019230769230769232,0.0,0.0,0.019230769230769232,0.0,0.019230769230769232
91,Sushi Shop,0.0,0.0,0.03,0.01,0.0,0.01,0.0,0.0,0.04,0.02,0.0,0.01,0.01,0.0,0.01,0.0,0.01,0.0,0.0,0.0,0.0,0.0,0.01,0.0,0.0,0.0,0.0,0.01,0.01,0.02,0.02,0.03,0.01,0.0,0.01,0.0,0.0,0.0,0.0,0.01,0.0,0.02,0.0,0.16,0.0,0.02,0.02,0.0,0.01,0.01,0.01,0.0,0.0,0.0,0.02,0.0,0.0,0.05,0.01,0.0,0.04,0.01,0.0,0.0,0.0,0.0,0.0,0.0,0.0,0.0,0.01,0.0,0.01,0.0,0.0,0.0,0.01,0.0,0.01,0.0,0.0,0.0,0.02,0.01,0.02,0.04,0.0,0.01,0.01,0.0,0.01,0.0,0.01,0.02,0.0,0.0,0.01,0.0,0.0,0.01,0.01,0.0,0.03,0.03,0.03,0.0,0.01,0.0,0.01,0.01,0.0
92,Thai Spices,0.0,0.0,0.01,0.01,0.01,0.01,0.0,0.0,0.05,0.02,0.0,0.0,0.02,0.0,0.01,0.0,0.0,0.0,0.0,0.0,0.01,0.01,0.0,0.0,0.0,0.0,0.01,0.02,0.0,0.01,0.02,0.03,0.0,0.01,0.01,0.0,0.0,0.0,0.01,0.01,0.0,0.01,0.0,0.17,0.0,0.02,0.02,0.0,0.0,0.01,0.01,0.0,0.0,0.0,0.03,0.0,0.0,0.05,0.04,0.0,0.02,0.01,0.01,0.0,0.01,0.0,0.0,0.0,0.0,0.0,0.0,0.01,0.01,0.0,0.0,0.0,0.01,0.0,0.0,0.0,0.0,0.01,0.01,0.01,0.01,0.03,0.0,0.0,0.01,0.0,0.01,0.0,0.01,0.02,0.0,0.0,0.0,0.01,0.0,0.01,0.02,0.0,0.03,0.02,0.03,0.01,0.0,0.0,0.02,0.0,0.0
93,The Brooklyn Pizzeria,0.0,0.0,0.03,0.0,0.0,0.0,0.0,0.01,0.03,0.02,0.0,0.01,0.02,0.0,0.02,0.0,0.01,0.01,0.0,0.01,0.0,0.0,0.01,0.01,0.0,0.0,0.0,0.0,0.01,0.01,0.03,0.05,0.0,0.0,0.0,0.0,0.01,0.0,0.0,0.0,0.0,0.01,0.0,0.16,0.0,0.01,0.0,0.0,0.01,0.0,0.0,0.01,0.0,0.0,0.02,0.0,0.0,0.06,0.01,0.0,0.03,0.02,0.0,0.0,0.0,0.01,0.0,0.0,0.01,0.0,0.01,0.0,0.0,0.0,0.01,0.0,0.0,0.01,0.01,0.0,0.01,0.0,0.01,0.0,0.04,0.03,0.0,0.01,0.01,0.0,0.03,0.0,0.0,0.02,0.0,0.0,0.0,0.0,0.0,0.0,0.02,0.0,0.03,0.04,0.01,0.0,0.01,0.0,0.02,0.01,0.0
94,Village Saint-Paul,0.0,0.0,0.02,0.01,0.0,0.01,0.0,0.0,0.04,0.02,0.0,0.01,0.01,0.0,0.01,0.0,0.0,0.0,0.0,0.0,0.01,0.01,0.0,0.0,0.0,0.0,0.01,0.01,0.0,0.03,0.02,0.03,0.0,0.01,0.02,0.0,0.01,0.0,0.01,0.01,0.0,0.02,0.0,0.13,0.0,0.03,0.02,0.0,0.0,0.01,0.01,0.0,0.0,0.0,0.02,0.0,0.0,0.04,0.04,0.01,0.03,0.0,0.01,0.0,0.01,0.0,0.0,0.0,0.0,0.0,0.0,0.01,0.01,0.0,0.0,0.0,0.01,0.0,0.0,0.0,0.0,0.01,0.02,0.01,0.01,0.03,0.0,0.0,0.0,0.0,0.01,0.0,0.02,0.01,0.0,0.0,0.0,0.01,0.0,0.01,0.01,0.0,0.03,0.03,0.03,0.0,0.01,0.0,0.03,0.0,0.0
95,Vingt Vins d'Art,0.0,0.0,0.02,0.01,0.01,0.0,0.0,0.0,0.02,0.01,0.0,0.0,0.02,0.0,0.02,0.0,0.0,0.0,0.0,0.0,0.01,0.01,0.01,0.0,0.0,0.0,0.0,0.01,0.01,0.03,0.01,0.02,0.0,0.01,0.01,0.0,0.01,0.0,0.01,0.01,0.0,0.02,0.0,0.14,0.0,0.02,0.01,0.01,0.02,0.0,0.0,0.0,0.0,0.0,0.0,0.0,0.01,0.04,0.06,0.01,0.02,0.0,0.02,0.0,0.01,0.0,0.0,0.01,0.01,0.01,0.0,0.01,0.01,0.0,0.01,0.0,0.0,0.0,0.0,0.0,0.0,0.0,0.04,0.02,0.01,0.03,0.01,0.0,0.02,0.0,0.01,0.0,0.01,0.01,0.0,0.0,0.0,0.01,0.0,0.0,0.01,0.0,0.02,0.02,0.03,0.0,0.0,0.0,0.03,0.0,0.0
96,Vins des Pyrénées,0.0,0.0,0.03,0.01,0.0,0.01,0.0,0.0,0.05,0.02,0.0,0.01,0.01,0.0,0.01,0.0,0.01,0.0,0.0,0.01,0.0,0.0,0.01,0.0,0.0,0.0,0.0,0.01,0.01,0.02,0.02,0.02,0.01,0.0,0.0,0.0,0.0,0.0,0.0,0.01,0.0,0.02,0.0,0.16,0.0,0.02,0.02,0.0,0.01,0.01,0.01,0.0,0.0,0.0,0.02,0.0,0.0,0.05,0.01,0.0,0.04,0.0,0.0,0.0,0.0,0.0,0.0,0.0,0.0,0.0,0.01,0.0,0.01,0.0,0.0,0.0,0.01,0.0,0.01,0.0,0.0,0.01,0.02,0.01,0.02,0.04,0.0,0.01,0.01,0.0,0.01,0.0,0.0,0.03,0.0,0.0,0.01,0.0,0.0,0.01,0.01,0.0,0.03,0.03,0.03,0.0,0.01,0.0,0.01,0.01,0.0
97,Yellow Tucan,0.0,0.0,0.03,0.0,0.0,0.0,0.0,0.01,0.04,0.02,0.0,0.01,0.01,0.0,0.01,0.0,0.01,0.0,0.0,0.01,0.01,0.0,0.02,0.0,0.0,0.0,0.0,0.0,0.01,0.01,0.04,0.04,0.01,0.0,0.0,0.0,0.0,0.0,0.0,0.0,0.0,0.01,0.0,0.15,0.0,0.01,0.02,0.0,0.01,0.01,0.01,0.01,0.0,0.0,0.02,0.0,0.0,0.06,0.01,0.0,0.03,0.02,0.0,0.0,0.0,0.01,0.0,0.0,0.01,0.0,0.01,0.0,0.0,0.0,0.01,0.0,0.0,0.01,0.01,0.0,0.01,0.0,0.01,0.02,0.04,0.03,0.0,0.01,0.01,0.0,0.01,0.0,0.0,0.03,0.0,0.0,0.01,0.0,0.0,0.0,0.01,0.0,0.03,0.02,0.01,0.0,0.01,0.0,0.01,0.01,0.0
98,YellowKorner,0.0,0.0,0.05,0.03,0.0,0.01,0.0,0.0,0.03,0.02,0.01,0.01,0.02,0.0,0.01,0.0,0.0,0.0,0.0,0.0,0.01,0.0,0.0,0.0,0.0,0.0,0.0,0.01,0.01,0.04,0.01,0.04,0.01,0.03,0.01,0.0,0.02,0.0,0.0,0.01,0.0,0.02,0.0,0.11,0.0,0.02,0.02,0.0,0.01,0.0,0.0,0.0,0.0,0.0,0.02,0.0,0.0,0.05,0.01,0.01,0.03,0.01,0.01,0.0,0.0,0.01,0.0,0.0,0.0,0.0,0.0,0.0,0.01,0.0,0.0,0.0,0.0,0.0,0.0,0.01,0.0,0.02,0.02,0.01,0.03,0.03,0.0,0.01,0.0,0.0,0.02,0.0,0.01,0.01,0.0,0.0,0.0,0.01,0.0,0.0,0.01,0.0,0.03,0.04,0.01,0.0,0.0,0.0,0.0,0.0,0.0
99,adidas Originals,0.0,0.0,0.02,0.02,0.0,0.01,0.0,0.0,0.03,0.02,0.01,0.0,0.01,0.0,0.02,0.0,0.0,0.0,0.0,0.0,0.01,0.01,0.01,0.0,0.0,0.0,0.0,0.01,0.01,0.04,0.01,0.03,0.01,0.02,0.02,0.0,0.01,0.0,0.01,0.01,0.0,0.02,0.0,0.14,0.0,0.03,0.02,0.0,0.01,0.0,0.0,0.0,0.0,0.0,0.0,0.0,0.0,0.03,0.04,0.01,0.02,0.0,0.02,0.0,0.01,0.0,0.0,0.0,0.0,0.0,0.0,0.0,0.01,0.0,0.0,0.0,0.0,0.0,0.0,0.01,0.0,0.01,0.04,0.01,0.01,0.03,0.0,0.0,0.02,0.0,0.01,0.0,0.02,0.01,0.0,0.0,0.0,0.01,0.01,0.0,0.0,0.0,0.02,0.04,0.02,0.0,0.0,0.0,0.02,0.0,0.0
