,PostalCode,Borough,Neighbourhood
3,M3A,North York,Parkwoods
4,M4A,North York,Victoria Village
5,M5A,Downtown Toronto,Harbourfront
6,M5A,Downtown Toronto,Regent Park
7,M6A,North York,Lawrence Heights
8,M6A,North York,Lawrence Manor
9,M7A,Queen's Park,Not assigned
11,M9A,Etobicoke,Islington Avenue
12,M1B,Scarborough,Rouge
13,M1B,Scarborough,Malvern
15,M3B,North York,Don Mills North
16,M4B,East York,Woodbine Gardens
17,M4B,East York,Parkview Hill
18,M5B,Downtown Toronto,Ryerson
19,M5B,Downtown Toronto,Garden District
20,M6B,North York,Glencairn
23,M9B,Etobicoke,Cloverdale
24,M9B,Etobicoke,Islington
25,M9B,Etobicoke,Martin Grove
26,M9B,Etobicoke,Princess Gardens
27,M9B,Etobicoke,West Deane Park
28,M1C,Scarborough,Highland Creek
29,M1C,Scarborough,Rouge Hill
30,M1C,Scarborough,Port Union
32,M3C,North York,Flemingdon Park
33,M3C,North York,Don Mills South
34,M4C,East York,Woodbine Heights
35,M5C,Downtown Toronto,St. James Town
36,M6C,York,Humewood-Cedarvale
39,M9C,Etobicoke,Bloordale Gardens
40,M9C,Etobicoke,Eringate
41,M9C,Etobicoke,Markland Wood
42,M9C,Etobicoke,Old Burnhamthorpe
43,M1E,Scarborough,Guildwood
44,M1E,Scarborough,Morningside
45,M1E,Scarborough,West Hill
48,M4E,East Toronto,The Beaches
49,M5E,Downtown Toronto,Berczy Park
50,M6E,York,Caledonia-Fairbanks
54,M1G,Scarborough,Woburn
57,M4G,East York,Leaside
58,M5G,Downtown Toronto,Central Bay Street
59,M6G,Downtown Toronto,Christie
63,M1H,Scarborough,Cedarbrae
64,M2H,North York,Hillcrest Village
65,M3H,North York,Bathurst Manor
66,M3H,North York,Downsview North
67,M3H,North York,Wilson Heights
68,M4H,East York,Thorncliffe Park
69,M5H,Downtown Toronto,Adelaide
70,M5H,Downtown Toronto,King
71,M5H,Downtown Toronto,Richmond
72,M6H,West Toronto,Dovercourt Village
73,M6H,West Toronto,Dufferin
77,M1J,Scarborough,Scarborough Village
78,M2J,North York,Fairview
79,M2J,North York,Henry Farm
80,M2J,North York,Oriole
81,M3J,North York,Northwood Park
82,M3J,North York,York University
83,M4J,East York,East Toronto
84,M5J,Downtown Toronto,Harbourfront East
85,M5J,Downtown Toronto,Toronto Islands
86,M5J,Downtown Toronto,Union Station
87,M6J,West Toronto,Little Portugal
88,M6J,West Toronto,Trinity
92,M1K,Scarborough,East Birchmount Park
93,M1K,Scarborough,Ionview
94,M1K,Scarborough,Kennedy Park
95,M2K,North York,Bayview Village
96,M3K,North York,CFB Toronto
97,M3K,North York,Downsview East
98,M4K,East Toronto,The Danforth West
99,M4K,East Toronto,Riverdale
100,M5K,Downtown Toronto,Design Exchange
101,M5K,Downtown Toronto,Toronto Dominion Centre
102,M6K,West Toronto,Brockton
103,M6K,West Toronto,Exhibition Place
104,M6K,West Toronto,Parkdale Village
108,M1L,Scarborough,Clairlea
109,M1L,Scarborough,Golden Mile
110,M1L,Scarborough,Oakridge
111,M2L,North York,Silver Hills
112,M2L,North York,York Mills
113,M3L,North York,Downsview West
114,M4L,East Toronto,The Beaches West
115,M4L,East Toronto,India Bazaar
116,M5L,Downtown Toronto,Commerce Court
117,M5L,Downtown Toronto,Victoria Hotel
118,M6L,North York,Downsview
119,M6L,North York,North Park
120,M6L,North York,Upwood Park
123,M9L,North York,Humber Summit
124,M1M,Scarborough,Cliffcrest
125,M1M,Scarborough,Cliffside
126,M1M,Scarborough,Scarborough Village West
127,M2M,North York,Newtonbrook
128,M2M,North York,Willowdale
129,M3M,North York,Downsview Central
130,M4M,East Toronto,Studio District
131,M5M,North York,Bedford Park
132,M5M,North York,Lawrence Manor East
133,M6M,York,Del Ray
134,M6M,York,Keelesdale
135,M6M,York,Mount Dennis
136,M6M,York,Silverthorn
139,M9M,North York,Emery
140,M9M,North York,Humberlea
141,M1N,Scarborough,Birch Cliff
142,M1N,Scarborough,Cliffside West
143,M2N,North York,Willowdale South
144,M3N,North York,Downsview Northwest
145,M4N,Central Toronto,Lawrence Park
146,M5N,Central Toronto,Roselawn
147,M6N,York,The Junction North
148,M6N,York,Runnymede
151,M9N,York,Weston
152,M1P,Scarborough,Dorset Park
153,M1P,Scarborough,Scarborough Town Centre
154,M1P,Scarborough,Wexford Heights
155,M2P,North York,York Mills West
157,M4P,Central Toronto,Davisville North
158,M5P,Central Toronto,Forest Hill North
159,M5P,Central Toronto,Forest Hill West
160,M6P,West Toronto,High Park
161,M6P,West Toronto,The Junction South
164,M9P,Etobicoke,Westmount
165,M1R,Scarborough,Maryvale
166,M1R,Scarborough,Wexford
167,M2R,North York,Willowdale West
169,M4R,Central Toronto,North Toronto West
170,M5R,Central Toronto,The Annex
171,M5R,Central Toronto,North Midtown
172,M5R,Central Toronto,Yorkville
173,M6R,West Toronto,Parkdale
174,M6R,West Toronto,Roncesvalles
175,M7R,Mississauga,Canada Post Gateway Processing Centre
177,M9R,Etobicoke,Kingsview Village
178,M9R,Etobicoke,Martin Grove Gardens
179,M9R,Etobicoke,Richview Gardens
180,M9R,Etobicoke,St. Phillips
181,M1S,Scarborough,Agincourt
184,M4S,Central Toronto,Davisville
185,M5S,Downtown Toronto,Harbord
186,M5S,Downtown Toronto,University of Toronto
187,M6S,West Toronto,Runnymede
188,M6S,West Toronto,Swansea
192,M1T,Scarborough,Clarks Corners
193,M1T,Scarborough,Sullivan
194,M1T,Scarborough,Tam O'Shanter
197,M4T,Central Toronto,Moore Park
198,M4T,Central Toronto,Summerhill East
199,M5T,Downtown Toronto,Chinatown
200,M5T,Downtown Toronto,Grange Park
201,M5T,Downtown Toronto,Kensington Market
206,M1V,Scarborough,Agincourt North
207,M1V,Scarborough,L'Amoreaux East
208,M1V,Scarborough,Milliken
209,M1V,Scarborough,Steeles East
212,M4V,Central Toronto,Deer Park
213,M4V,Central Toronto,Forest Hill SE
214,M4V,Central Toronto,Rathnelly
215,M4V,Central Toronto,South Hill
216,M4V,Central Toronto,Summerhill West
217,M5V,Downtown Toronto,CN Tower
218,M5V,Downtown Toronto,Bathurst Quay
219,M5V,Downtown Toronto,Island airport
220,M5V,Downtown Toronto,Harbourfront West
221,M5V,Downtown Toronto,King and Spadina
222,M5V,Downtown Toronto,Railway Lands
223,M5V,Downtown Toronto,South Niagara
226,M8V,Etobicoke,Humber Bay Shores
227,M8V,Etobicoke,Mimico South
228,M8V,Etobicoke,New Toronto
229,M9V,Etobicoke,Albion Gardens
230,M9V,Etobicoke,Beaumond Heights
231,M9V,Etobicoke,Humbergate
232,M9V,Etobicoke,Jamestown
233,M9V,Etobicoke,Mount Olive
234,M9V,Etobicoke,Silverstone
235,M9V,Etobicoke,South Steeles
236,M9V,Etobicoke,Thistletown
237,M1W,Scarborough,L'Amoreaux West
240,M4W,Downtown Toronto,Rosedale
241,M5W,Downtown Toronto,Stn A PO Boxes 25 The Esplanade
244,M8W,Etobicoke,Alderwood
245,M8W,Etobicoke,Long Branch
246,M9W,Etobicoke,Northwest
247,M1X,Scarborough,Upper Rouge
250,M4X,Downtown Toronto,Cabbagetown
251,M4X,Downtown Toronto,St. James Town
252,M5X,Downtown Toronto,First Canadian Place
253,M5X,Downtown Toronto,Underground city
256,M8X,Etobicoke,The Kingsway
257,M8X,Etobicoke,Montgomery Road
258,M8X,Etobicoke,Old Mill North
263,M4Y,Downtown Toronto,Church and Wellesley
266,M7Y,East Toronto,Business Reply Mail Processing Centre 969 Eastern
267,M8Y,Etobicoke,Humber Bay
268,M8Y,Etobicoke,King's Mill Park
269,M8Y,Etobicoke,Kingsway Park South East
270,M8Y,Etobicoke,Mimico NE
271,M8Y,Etobicoke,Old Mill South
272,M8Y,Etobicoke,The Queensway East
273,M8Y,Etobicoke,Royal York South East
274,M8Y,Etobicoke,Sunnylea
283,M8Z,Etobicoke,Kingsway Park South West
284,M8Z,Etobicoke,Mimico NW
285,M8Z,Etobicoke,The Queensway West
286,M8Z,Etobicoke,Royal York South West
287,M8Z,Etobicoke,South of Bloor
