,Neighbourhood,Bus Line,Check Cashing Service,Convenience Store,Discount Store,Fast Food Restaurant,Field,Grocery Store,Hockey Arena,Market,Park,Pharmacy,Pizza Place,Restaurant,Sandwich Place,Tennis Court,Trail,Women's Store
0,Caledonia-Fairbanks,0.0,0.0,0.0,0.0,0.16666666666666666,0.0,0.0,0.0,0.16666666666666666,0.3333333333333333,0.16666666666666666,0.0,0.0,0.0,0.0,0.0,0.16666666666666666
1,"Del Ray,Keelesdale,Mount Dennis,Silverthorn",0.0,0.25,0.0,0.25,0.0,0.0,0.0,0.0,0.0,0.0,0.0,0.0,0.25,0.25,0.0,0.0,0.0
2,Humewood-Cedarvale,0.0,0.0,0.0,0.0,0.0,0.25,0.0,0.25,0.0,0.0,0.0,0.0,0.0,0.0,0.25,0.25,0.0
3,"The Junction North,Runnymede",0.25,0.0,0.25,0.0,0.0,0.0,0.25,0.0,0.0,0.0,0.0,0.25,0.0,0.0,0.0,0.0,0.0
4,Weston,0.0,0.0,0.0,0.0,0.0,0.0,0.0,0.0,0.0,1.0,0.0,0.0,0.0,0.0,0.0,0.0,0.0
