,Neighbourhood,Neighbourhood Latitude,Neighbourhood Longitude,Venue,Venue Latitude,Venue Longitude,Venue Category
0,Caledonia-Fairbanks,43.6890256,-79.453512,Shoppers Drug Mart,43.690650720838846,-79.45631000555339,Pharmacy
1,Caledonia-Fairbanks,43.6890256,-79.453512,KFC,43.69064732256945,-79.456325832418,Fast Food Restaurant
2,Caledonia-Fairbanks,43.6890256,-79.453512,Nairn Park,43.69065390931841,-79.4562995791835,Park
3,Caledonia-Fairbanks,43.6890256,-79.453512,Maximum Woman,43.69065130310669,-79.45633320240984,Women's Store
4,Caledonia-Fairbanks,43.6890256,-79.453512,Walmart,43.690659578356374,-79.45631672044142,Market
5,Caledonia-Fairbanks,43.6890256,-79.453512,Fairbank Memorial Park,43.69202800194052,-79.44892353333186,Park
6,"Del Ray,Keelesdale,Mount Dennis,Silverthorn",43.6911158,-79.47601329999999,Subway,43.69000119168634,-79.4757628440857,Sandwich Place
7,"Del Ray,Keelesdale,Mount Dennis,Silverthorn",43.6911158,-79.47601329999999,El Nahual,43.6907629,-79.4737993,Restaurant
8,"Del Ray,Keelesdale,Mount Dennis,Silverthorn",43.6911158,-79.47601329999999,Dollar Tree,43.6902962,-79.4746668,Discount Store
9,"Del Ray,Keelesdale,Mount Dennis,Silverthorn",43.6911158,-79.47601329999999,Money Mart,43.69034605113051,-79.47238523508997,Check Cashing Service
10,Humewood-Cedarvale,43.6937813,-79.42819140000002,Cedarvale Park,43.692534923091934,-79.42870527613704,Field
11,Humewood-Cedarvale,43.6937813,-79.42819140000002,Cedarvale Tennis Courts,43.69274437001002,-79.43224439966453,Tennis Court
12,Humewood-Cedarvale,43.6937813,-79.42819140000002,Phil White Arena,43.69130271699826,-79.43176051142332,Hockey Arena
13,Humewood-Cedarvale,43.6937813,-79.42819140000002,Cedarvale Ravine,43.690188230007266,-79.42610580222994,Trail
14,"The Junction North,Runnymede",43.67318529999999,-79.48726190000001,Wonderfood,43.67235238324323,-79.49257115909873,Convenience Store
15,"The Junction North,Runnymede",43.67318529999999,-79.48726190000001,241 Pizza,43.6723510936904,-79.49263085092069,Pizza Place
16,"The Junction North,Runnymede",43.67318529999999,-79.48726190000001,195 Jane Rocket,43.672334850841,-79.49263389979957,Bus Line
17,"The Junction North,Runnymede",43.67318529999999,-79.48726190000001,Welcome Food Mart,43.66970140136457,-79.48349146580819,Grocery Store
18,Weston,43.706876,-79.51818840000001,Elm Park,43.70613889238497,-79.51586870967138,Park
19,Weston,43.706876,-79.51818840000001,Wallace C. Swanek Park,43.708896432967165,-79.52264785766602,Park
