,Neighbourhood,Bus Line,Check Cashing Service,Convenience Store,Discount Store,Fast Food Restaurant,Field,Grocery Store,Hockey Arena,Market,Park,Pharmacy,Pizza Place,Restaurant,Sandwich Place,Tennis Court,Trail,Women's Store
0,Caledonia-Fairbanks,0,0,0,0,0,0,0,0,0,0,1,0,0,0,0,0,0
1,Caledonia-Fairbanks,0,0,0,0,1,0,0,0,0,0,0,0,0,0,0,0,0
2,Caledonia-Fairbanks,0,0,0,0,0,0,0,0,0,1,0,0,0,0,0,0,0
3,Caledonia-Fairbanks,0,0,0,0,0,0,0,0,0,0,0,0,0,0,0,0,1
4,Caledonia-Fairbanks,0,0,0,0,0,0,0,0,1,0,0,0,0,0,0,0,0
5,Caledonia-Fairbanks,0,0,0,0,0,0,0,0,0,1,0,0,0,0,0,0,0
6,"Del Ray,Keelesdale,Mount Dennis,Silverthorn",0,0,0,0,0,0,0,0,0,0,0,0,0,1,0,0,0
7,"Del Ray,Keelesdale,Mount Dennis,Silverthorn",0,0,0,0,0,0,0,0,0,0,0,0,1,0,0,0,0
8,"Del Ray,Keelesdale,Mount Dennis,Silverthorn",0,0,0,1,0,0,0,0,0,0,0,0,0,0,0,0,0
9,"Del Ray,Keelesdale,Mount Dennis,Silverthorn",0,1,0,0,0,0,0,0,0,0,0,0,0,0,0,0,0
10,Humewood-Cedarvale,0,0,0,0,0,1,0,0,0,0,0,0,0,0,0,0,0
11,Humewood-Cedarvale,0,0,0,0,0,0,0,0,0,0,0,0,0,0,1,0,0
12,Humewood-Cedarvale,0,0,0,0,0,0,0,1,0,0,0,0,0,0,0,0,0
13,Humewood-Cedarvale,0,0,0,0,0,0,0,0,0,0,0,0,0,0,0,1,0
14,"The Junction North,Runnymede",0,0,1,0,0,0,0,0,0,0,0,0,0,0,0,0,0
15,"The Junction North,Runnymede",0,0,0,0,0,0,0,0,0,0,0,1,0,0,0,0,0
16,"The Junction North,Runnymede",1,0,0,0,0,0,0,0,0,0,0,0,0,0,0,0,0
17,"The Junction North,Runnymede",0,0,0,0,0,0,1,0,0,0,0,0,0,0,0,0,0
18,Weston,0,0,0,0,0,0,0,0,0,1,0,0,0,0,0,0,0
19,Weston,0,0,0,0,0,0,0,0,0,1,0,0,0,0,0,0,0
