,PostalCode,Borough,Neighbourhood,Latitude,Longitude,Cluster Labels,1st Most Common Venue,2nd Most Common Venue,3rd Most Common Venue,4th Most Common Venue,5th Most Common Venue,6th Most Common Venue,7th Most Common Venue,8th Most Common Venue,9th Most Common Venue,10th Most Common Venue,11th Most Common Venue,12th Most Common Venue,13th Most Common Venue,14th Most Common Venue,15th Most Common Venue,16th Most Common Venue,17th Most Common Venue
0,M6E,York,Caledonia-Fairbanks,43.6890256,-79.453512,1,Park,Women's Store,Pharmacy,Fast Food Restaurant,Market,Pizza Place,Restaurant,Sandwich Place,Trail,Hockey Arena,Grocery Store,Field,Tennis Court,Discount Store,Convenience Store,Check Cashing Service,Bus Line
1,M6M,York,"Del Ray,Keelesdale,Mount Dennis,Silverthorn",43.6911158,-79.47601329999999,1,Check Cashing Service,Sandwich Place,Restaurant,Discount Store,Women's Store,Grocery Store,Convenience Store,Fast Food Restaurant,Field,Market,Hockey Arena,Trail,Park,Pharmacy,Pizza Place,Tennis Court,Bus Line
2,M6C,York,Humewood-Cedarvale,43.6937813,-79.42819140000002,1,Tennis Court,Field,Trail,Hockey Arena,Women's Store,Grocery Store,Check Cashing Service,Convenience Store,Discount Store,Fast Food Restaurant,Market,Park,Pharmacy,Pizza Place,Restaurant,Sandwich Place,Bus Line
3,M6N,York,"The Junction North,Runnymede",43.67318529999999,-79.48726190000001,1,Bus Line,Convenience Store,Pizza Place,Grocery Store,Hockey Arena,Check Cashing Service,Discount Store,Fast Food Restaurant,Field,Women's Store,Trail,Park,Pharmacy,Restaurant,Sandwich Place,Tennis Court,Market
4,M9N,York,Weston,43.706876,-79.51818840000001,0,Park,Women's Store,Hockey Arena,Check Cashing Service,Convenience Store,Discount Store,Fast Food Restaurant,Field,Grocery Store,Market,Trail,Pharmacy,Pizza Place,Restaurant,Sandwich Place,Tennis Court,Bus Line
