,Borough,Neighborhood,Latitude,Longitude,Cluster Labels,1st Most Common Venue,2nd Most Common Venue,3rd Most Common Venue,4th Most Common Venue,5th Most Common Venue,6th Most Common Venue,7th Most Common Venue,8th Most Common Venue,9th Most Common Venue,10th Most Common Venue
0,Manhattan,Marble Hill,40.87655077879964,-73.91065965862981,2,Coffee Shop,Discount Store,Sandwich Place,Yoga Studio,Tennis Stadium,Supplement Shop,Steakhouse,Spa,Seafood Restaurant,Clothing Store
1,Manhattan,Chinatown,40.71561842231432,-73.99427936255978,2,Chinese Restaurant,American Restaurant,Cocktail Bar,Salon / Barbershop,Spa,Bubble Tea Shop,Dumpling Restaurant,Vietnamese Restaurant,Ice Cream Shop,Hotpot Restaurant
2,Manhattan,Washington Heights,40.85190252555305,-73.93690027985234,4,Café,Mobile Phone Shop,Bakery,Deli / Bodega,Spanish Restaurant,Latin American Restaurant,New American Restaurant,Sandwich Place,Tapas Restaurant,Mexican Restaurant
3,Manhattan,Inwood,40.86768396449915,-73.92121042203897,4,Mexican Restaurant,Café,Lounge,Bakery,Pizza Place,Park,Frozen Yogurt Shop,Chinese Restaurant,Deli / Bodega,American Restaurant
4,Manhattan,Hamilton Heights,40.823604284811935,-73.94968791883366,4,Deli / Bodega,Café,Mexican Restaurant,Pizza Place,Chinese Restaurant,Coffee Shop,Sushi Restaurant,Caribbean Restaurant,School,Bakery
5,Manhattan,Manhattanville,40.8169344294978,-73.9573853935188,4,Italian Restaurant,Mexican Restaurant,Deli / Bodega,Park,Coffee Shop,Seafood Restaurant,Beer Garden,Bike Trail,Lounge,Sushi Restaurant
6,Manhattan,Central Harlem,40.81597606742414,-73.94321112603905,2,African Restaurant,Public Art,Art Gallery,Seafood Restaurant,Chinese Restaurant,Gym / Fitness Center,French Restaurant,American Restaurant,Cosmetics Shop,Liquor Store
7,Manhattan,East Harlem,40.79224946663033,-73.94418223148524,4,Mexican Restaurant,Deli / Bodega,Bakery,Latin American Restaurant,Thai Restaurant,Convenience Store,Café,Gas Station,Taco Place,Steakhouse
8,Manhattan,Upper East Side,40.775638573301805,-73.96050763135,2,Italian Restaurant,Exhibit,Coffee Shop,Juice Bar,Bakery,Art Gallery,Gym / Fitness Center,French Restaurant,Spa,Hotel
9,Manhattan,Yorkville,40.775929849884875,-73.94711784471826,2,Italian Restaurant,Gym,Bar,Coffee Shop,Pizza Place,Sushi Restaurant,Deli / Bodega,Japanese Restaurant,Ice Cream Shop,Mexican Restaurant
10,Manhattan,Lenox Hill,40.76811265828733,-73.9588596881376,2,Coffee Shop,Italian Restaurant,Sushi Restaurant,Pizza Place,Gym,Café,Cosmetics Shop,Burger Joint,Sporting Goods Shop,Gym / Fitness Center
11,Manhattan,Roosevelt Island,40.76215960576283,-73.94916769227953,0,Park,Sandwich Place,Coffee Shop,Deli / Bodega,Pizza Place,Greek Restaurant,Dry Cleaner,Bus Stop,Baseball Field,Liquor Store
12,Manhattan,Upper West Side,40.787657998534854,-73.97705923630603,2,Italian Restaurant,Wine Bar,Bar,Coffee Shop,Mediterranean Restaurant,Bakery,Indian Restaurant,Vegetarian / Vegan Restaurant,Yoga Studio,Pub
13,Manhattan,Lincoln Square,40.77352888942166,-73.98533777001262,1,Theater,Gym / Fitness Center,Café,Plaza,Italian Restaurant,Concert Hall,French Restaurant,Performing Arts Venue,Indie Movie Theater,Park
14,Manhattan,Clinton,40.75910089146212,-73.99611936309479,1,Theater,Italian Restaurant,Gym / Fitness Center,American Restaurant,Hotel,Coffee Shop,Sandwich Place,Wine Shop,Spa,New American Restaurant
15,Manhattan,Midtown,40.75469110270623,-73.98166882730304,2,Hotel,Coffee Shop,Cocktail Bar,American Restaurant,Clothing Store,Theater,Bakery,Sporting Goods Shop,Japanese Restaurant,Steakhouse
16,Manhattan,Murray Hill,40.748303077252174,-73.97833207924127,2,Coffee Shop,Hotel,Sandwich Place,Japanese Restaurant,Gym,Italian Restaurant,French Restaurant,Cocktail Bar,Bagel Shop,Bar
17,Manhattan,Chelsea,40.744034706747975,-74.00311633472813,2,Coffee Shop,Ice Cream Shop,Italian Restaurant,Bakery,Nightclub,Theater,Seafood Restaurant,American Restaurant,Hotel,Art Gallery
18,Manhattan,Greenwich Village,40.72693288536128,-73.99991402945902,2,Italian Restaurant,Sushi Restaurant,Clothing Store,French Restaurant,Café,Seafood Restaurant,Indian Restaurant,Ice Cream Shop,Dessert Shop,Cocktail Bar
19,Manhattan,East Village,40.727846777270244,-73.98222616506416,2,Bar,Wine Bar,Mexican Restaurant,Ice Cream Shop,Chinese Restaurant,Vegetarian / Vegan Restaurant,Cocktail Bar,Ramen Restaurant,Coffee Shop,Pizza Place
20,Manhattan,Lower East Side,40.71780674892765,-73.98089031999291,2,Coffee Shop,Pizza Place,Ramen Restaurant,Café,Cocktail Bar,Sandwich Place,Chinese Restaurant,Art Gallery,Bakery,Park
21,Manhattan,Tribeca,40.721521967443216,-74.01068328559087,2,Café,Spa,Italian Restaurant,Park,American Restaurant,Boutique,Greek Restaurant,Coffee Shop,Wine Bar,Wine Shop
22,Manhattan,Little Italy,40.71932379395907,-73.99730467208073,2,Bakery,Sandwich Place,Salon / Barbershop,Café,Italian Restaurant,Hotel,Mediterranean Restaurant,Seafood Restaurant,Clothing Store,Women's Store
23,Manhattan,Soho,40.72218384131794,-74.00065666959759,2,Clothing Store,Boutique,Women's Store,Shoe Store,Art Gallery,Italian Restaurant,Sporting Goods Shop,Bakery,Men's Store,Mediterranean Restaurant
24,Manhattan,West Village,40.73443393572434,-74.00617998126812,2,Italian Restaurant,New American Restaurant,Cosmetics Shop,Park,Jazz Club,Wine Bar,American Restaurant,Bakery,Coffee Shop,Gastropub
25,Manhattan,Manhattan Valley,40.797307041702865,-73.96428617740655,4,Indian Restaurant,Coffee Shop,Pizza Place,Yoga Studio,Mexican Restaurant,Café,Bar,Thai Restaurant,Deli / Bodega,Szechuan Restaurant
26,Manhattan,Morningside Heights,40.807999738165826,-73.96389627905332,0,Park,Coffee Shop,Bookstore,American Restaurant,Food Truck,New American Restaurant,Burger Joint,Deli / Bodega,Tennis Court,Outdoor Sculpture
27,Manhattan,Gramercy,40.737209832715,-73.98137594833541,2,Italian Restaurant,Pizza Place,American Restaurant,Bagel Shop,Bar,Cocktail Bar,Hotel,Thai Restaurant,Mexican Restaurant,Thrift / Vintage Store
28,Manhattan,Battery Park City,40.71193198394565,-74.01686930508617,0,Park,Coffee Shop,Hotel,Memorial Site,Wine Shop,Italian Restaurant,Clothing Store,Gym,Plaza,Men's Store
29,Manhattan,Financial District,40.70710710727048,-74.0106654452127,2,Coffee Shop,Steakhouse,Wine Shop,Gym,Bar,Gym / Fitness Center,Hotel,American Restaurant,Cocktail Bar,Café
30,Manhattan,Carnegie Hill,40.7826825671257,-73.95325646837112,2,Coffee Shop,Pizza Place,Café,Yoga Studio,Bookstore,Wine Shop,Cosmetics Shop,French Restaurant,Bar,Japanese Restaurant
31,Manhattan,Noho,40.72325901885768,-73.98843368023597,2,Italian Restaurant,French Restaurant,Cocktail Bar,Mexican Restaurant,Gift Shop,Art Gallery,Grocery Store,Pizza Place,Coffee Shop,Rock Club
32,Manhattan,Civic Center,40.71522892046282,-74.00541529873355,2,Italian Restaurant,Gym / Fitness Center,Coffee Shop,French Restaurant,Sandwich Place,Bakery,Yoga Studio,Sporting Goods Shop,American Restaurant,Spa
33,Manhattan,Midtown South,40.7485096643122,-73.98871313285247,2,Korean Restaurant,Hotel,Hotel Bar,Japanese Restaurant,Coffee Shop,Cosmetics Shop,American Restaurant,Cocktail Bar,Gym / Fitness Center,Vegetarian / Vegan Restaurant
34,Manhattan,Sutton Place,40.76028033131374,-73.96355614094303,2,Gym / Fitness Center,Italian Restaurant,Indian Restaurant,Furniture / Home Store,Pizza Place,American Restaurant,Juice Bar,Gym,Dessert Shop,Yoga Studio
35,Manhattan,Turtle Bay,40.75204236950722,-73.96770824581834,2,Italian Restaurant,Steakhouse,Coffee Shop,Sushi Restaurant,Hotel,Wine Bar,Café,Ramen Restaurant,French Restaurant,Japanese Restaurant
36,Manhattan,Tudor City,40.746917410740195,-73.97121928722265,4,Park,Mexican Restaurant,Café,Greek Restaurant,Asian Restaurant,Deli / Bodega,Pizza Place,Hotel,Dog Run,Spa
37,Manhattan,Stuyvesant Town,40.73099955477061,-73.97405170469203,3,Bar,Park,Playground,Pet Service,Farmers Market,Baseball Field,Fountain,Harbor / Marina,Cocktail Bar,Coffee Shop
38,Manhattan,Flatiron,40.739673047638426,-73.9909471052826,2,Gym,Yoga Studio,Gym / Fitness Center,American Restaurant,Japanese Restaurant,Café,Clothing Store,New American Restaurant,Spa,Cosmetics Shop
39,Manhattan,Hudson Yards,40.75665808227519,-74.00011136202637,2,American Restaurant,Coffee Shop,Café,Italian Restaurant,Gym / Fitness Center,Hotel,Restaurant,Burger Joint,Gym,Thai Restaurant
