,name,categories,lat,lng
0,Arturo's,Pizza Place,40.87441177110231,-73.91027100981574
1,Bikram Yoga,Yoga Studio,40.876843690797934,-73.90620384419528
2,Tibbett Diner,Diner,40.8804044222466,-73.90893738006402
3,Starbucks,Coffee Shop,40.87753134921497,-73.90558216359267
4,Dunkin',Donut Shop,40.87713584201589,-73.90666550701411
5,Blink Fitness Riverdale,Gym,40.87714687429521,-73.90583697267095
6,TCR The Club of Riverdale,Tennis Stadium,40.8786283,-73.9145678
7,Land & Sea Restaurant,Seafood Restaurant,40.87788463309788,-73.90587282193539
8,T.J. Maxx,Department Store,40.87723198343352,-73.90504239962168
9,Starbucks,Coffee Shop,40.873754554218515,-73.90861305343668
10,Rite Aid,Pharmacy,40.875466574434704,-73.90890629016033
11,GameStop,Video Game Store,40.874266802124836,-73.90934218062803
12,Vitamin Shoppe,Supplement Shop,40.87716,-73.905632
13,Parrilla Latina,Steakhouse,40.87747294351472,-73.90607346968568
14,Lot Less Closeouts,Discount Store,40.878270422202085,-73.9052646742604
15,TD Bank,Bank,40.8794958,-73.9092856
16,Baskin-Robbins,Ice Cream Shop,40.8769755336728,-73.90675193198494
17,Five Below,Discount Store,40.87763977050781,-73.90499114990234
18,Boston Market,American Restaurant,40.87743,-73.9054121
19,Auntie Anne's,Bakery,40.8773995,-73.9049467
20,SUBWAY,Sandwich Place,40.87849271667849,-73.90538547211088
21,The Children's Place,Kids Store,40.873671591133125,-73.90815619608166
22,Forever 21,Clothing Store,40.87747,-73.90594
23,Subway,Sandwich Place,40.877720351115315,-73.90537973066263
24,Terrace View Delicatessen,Deli / Bodega,40.87647647652852,-73.91274586964578
25,Studio Esthetique Day Spa,Spa,40.87868612830189,-73.91520884226871
