,Cluster Labels,Neighborhood,1st Most Common Venue,2nd Most Common Venue,3rd Most Common Venue,4th Most Common Venue,5th Most Common Venue,6th Most Common Venue,7th Most Common Venue,8th Most Common Venue,9th Most Common Venue,10th Most Common Venue
0,0,Battery Park City,Park,Coffee Shop,Hotel,Memorial Site,Wine Shop,Italian Restaurant,Clothing Store,Gym,Plaza,Men's Store
1,2,Carnegie Hill,Coffee Shop,Pizza Place,Café,Yoga Studio,Bookstore,Wine Shop,Cosmetics Shop,French Restaurant,Bar,Japanese Restaurant
2,2,Central Harlem,African Restaurant,Public Art,Art Gallery,Seafood Restaurant,Chinese Restaurant,Gym / Fitness Center,French Restaurant,American Restaurant,Cosmetics Shop,Liquor Store
3,2,Chelsea,Coffee Shop,Ice Cream Shop,Italian Restaurant,Bakery,Nightclub,Theater,Seafood Restaurant,American Restaurant,Hotel,Art Gallery
4,2,Chinatown,Chinese Restaurant,American Restaurant,Cocktail Bar,Salon / Barbershop,Spa,Bubble Tea Shop,Dumpling Restaurant,Vietnamese Restaurant,Ice Cream Shop,Hotpot Restaurant
5,2,Civic Center,Italian Restaurant,Gym / Fitness Center,Coffee Shop,French Restaurant,Sandwich Place,Bakery,Yoga Studio,Sporting Goods Shop,American Restaurant,Spa
6,1,Clinton,Theater,Italian Restaurant,Gym / Fitness Center,American Restaurant,Hotel,Coffee Shop,Sandwich Place,Wine Shop,Spa,New American Restaurant
7,4,East Harlem,Mexican Restaurant,Deli / Bodega,Bakery,Latin American Restaurant,Thai Restaurant,Convenience Store,Café,Gas Station,Taco Place,Steakhouse
8,2,East Village,Bar,Wine Bar,Mexican Restaurant,Ice Cream Shop,Chinese Restaurant,Vegetarian / Vegan Restaurant,Cocktail Bar,Ramen Restaurant,Coffee Shop,Pizza Place
9,2,Financial District,Coffee Shop,Steakhouse,Wine Shop,Gym,Bar,Gym / Fitness Center,Hotel,American Restaurant,Cocktail Bar,Café
10,2,Flatiron,Gym,Yoga Studio,Gym / Fitness Center,American Restaurant,Japanese Restaurant,Café,Clothing Store,New American Restaurant,Spa,Cosmetics Shop
11,2,Gramercy,Italian Restaurant,Pizza Place,American Restaurant,Bagel Shop,Bar,Cocktail Bar,Hotel,Thai Restaurant,Mexican Restaurant,Thrift / Vintage Store
12,2,Greenwich Village,Italian Restaurant,Sushi Restaurant,Clothing Store,French Restaurant,Café,Seafood Restaurant,Indian Restaurant,Ice Cream Shop,Dessert Shop,Cocktail Bar
13,4,Hamilton Heights,Deli / Bodega,Café,Mexican Restaurant,Pizza Place,Chinese Restaurant,Coffee Shop,Sushi Restaurant,Caribbean Restaurant,School,Bakery
14,2,Hudson Yards,American Restaurant,Coffee Shop,Café,Italian Restaurant,Gym / Fitness Center,Hotel,Restaurant,Burger Joint,Gym,Thai Restaurant
15,4,Inwood,Mexican Restaurant,Café,Lounge,Bakery,Pizza Place,Park,Frozen Yogurt Shop,Chinese Restaurant,Deli / Bodega,American Restaurant
16,2,Lenox Hill,Coffee Shop,Italian Restaurant,Sushi Restaurant,Pizza Place,Gym,Café,Cosmetics Shop,Burger Joint,Sporting Goods Shop,Gym / Fitness Center
17,1,Lincoln Square,Theater,Gym / Fitness Center,Café,Plaza,Italian Restaurant,Concert Hall,French Restaurant,Performing Arts Venue,Indie Movie Theater,Park
18,2,Little Italy,Bakery,Sandwich Place,Salon / Barbershop,Café,Italian Restaurant,Hotel,Mediterranean Restaurant,Seafood Restaurant,Clothing Store,Women's Store
19,2,Lower East Side,Coffee Shop,Pizza Place,Ramen Restaurant,Café,Cocktail Bar,Sandwich Place,Chinese Restaurant,Art Gallery,Bakery,Park
20,4,Manhattan Valley,Indian Restaurant,Coffee Shop,Pizza Place,Yoga Studio,Mexican Restaurant,Café,Bar,Thai Restaurant,Deli / Bodega,Szechuan Restaurant
21,4,Manhattanville,Italian Restaurant,Mexican Restaurant,Deli / Bodega,Park,Coffee Shop,Seafood Restaurant,Beer Garden,Bike Trail,Lounge,Sushi Restaurant
22,2,Marble Hill,Coffee Shop,Discount Store,Sandwich Place,Yoga Studio,Tennis Stadium,Supplement Shop,Steakhouse,Spa,Seafood Restaurant,Clothing Store
23,2,Midtown,Hotel,Coffee Shop,Cocktail Bar,American Restaurant,Clothing Store,Theater,Bakery,Sporting Goods Shop,Japanese Restaurant,Steakhouse
24,2,Midtown South,Korean Restaurant,Hotel,Hotel Bar,Japanese Restaurant,Coffee Shop,Cosmetics Shop,American Restaurant,Cocktail Bar,Gym / Fitness Center,Vegetarian / Vegan Restaurant
25,0,Morningside Heights,Park,Coffee Shop,Bookstore,American Restaurant,Food Truck,New American Restaurant,Burger Joint,Deli / Bodega,Tennis Court,Outdoor Sculpture
26,2,Murray Hill,Coffee Shop,Hotel,Sandwich Place,Japanese Restaurant,Gym,Italian Restaurant,French Restaurant,Cocktail Bar,Bagel Shop,Bar
27,2,Noho,Italian Restaurant,French Restaurant,Cocktail Bar,Mexican Restaurant,Gift Shop,Art Gallery,Grocery Store,Pizza Place,Coffee Shop,Rock Club
28,0,Roosevelt Island,Park,Sandwich Place,Coffee Shop,Deli / Bodega,Pizza Place,Greek Restaurant,Dry Cleaner,Bus Stop,Baseball Field,Liquor Store
29,2,Soho,Clothing Store,Boutique,Women's Store,Shoe Store,Art Gallery,Italian Restaurant,Sporting Goods Shop,Bakery,Men's Store,Mediterranean Restaurant
30,3,Stuyvesant Town,Bar,Park,Playground,Pet Service,Farmers Market,Baseball Field,Fountain,Harbor / Marina,Cocktail Bar,Coffee Shop
31,2,Sutton Place,Gym / Fitness Center,Italian Restaurant,Indian Restaurant,Furniture / Home Store,Pizza Place,American Restaurant,Juice Bar,Gym,Dessert Shop,Yoga Studio
32,2,Tribeca,Café,Spa,Italian Restaurant,Park,American Restaurant,Boutique,Greek Restaurant,Coffee Shop,Wine Bar,Wine Shop
33,4,Tudor City,Park,Mexican Restaurant,Café,Greek Restaurant,Asian Restaurant,Deli / Bodega,Pizza Place,Hotel,Dog Run,Spa
34,2,Turtle Bay,Italian Restaurant,Steakhouse,Coffee Shop,Sushi Restaurant,Hotel,Wine Bar,Café,Ramen Restaurant,French Restaurant,Japanese Restaurant
35,2,Upper East Side,Italian Restaurant,Exhibit,Coffee Shop,Juice Bar,Bakery,Art Gallery,Gym / Fitness Center,French Restaurant,Spa,Hotel
36,2,Upper West Side,Italian Restaurant,Wine Bar,Bar,Coffee Shop,Mediterranean Restaurant,Bakery,Indian Restaurant,Vegetarian / Vegan Restaurant,Yoga Studio,Pub
37,4,Washington Heights,Café,Mobile Phone Shop,Bakery,Deli / Bodega,Spanish Restaurant,Latin American Restaurant,New American Restaurant,Sandwich Place,Tapas Restaurant,Mexican Restaurant
38,2,West Village,Italian Restaurant,New American Restaurant,Cosmetics Shop,Park,Jazz Club,Wine Bar,American Restaurant,Bakery,Coffee Shop,Gastropub
39,2,Yorkville,Italian Restaurant,Gym,Bar,Coffee Shop,Pizza Place,Sushi Restaurant,Deli / Bodega,Japanese Restaurant,Ice Cream Shop,Mexican Restaurant
